STATIONID,DATETIME,AIRTEMP(T),RH,SOLAR,WINDSPEED,W.DIRECTION,RAIN,SOILTEMPERATURE(T1),PRESSURE
72,"2021-03-15,02:32:32",22.3,87.4,0,25.81,880.6,,,
72,"2021-03-15,02:32:32",22.3,87.4,0,25.81,880.6,,,
72,"2021-03-15,02:32:32",22.3,87.4,0,25.81,880.6,,,
72,"2021-03-15,02:32:32",22.3,87.4,0,25.81,880.6,,,
72,"2021-03-17,10:15",26.3,62.9,0.020248,2.5,-,0,25.12,883.7
72,"2021-03-17,10:45",27.1,64.8,0.015248,0,-,0,26.81,883.9
72,"2021-03-17,11:30",27.7,62.1,0.015248,2.5,-,0,28.75,883.6
72,"2021-03-17,11:45",27.5,63.3,0.017248,5,-,0,29.18,883.5
72,"2021-03-17,11:30",27.7,62.1,0.015248,2.5,-,0,28.75,883.6
72,"2021-03-17,16:15",26.7,67.5,0.001248,2.5,-,0,26.5,880.2
72,"2021-03-17,16:30",26.5,66.6,0.000248,2.5,-,0,26.56,880.2
72,"2021-03-17,18:15",24.9,72.9,0.011784,0,-,0,25.87,880.3
72,"2021-03-17,18:30",24.4,74.3,0.02432,0,-,0,25.81,880.3
72,"2021-03-17,20:15",23.2,79.5,-,0,117.063,0,24.68,880.7
72,"2021-03-17,22:30",21.5,83,-,2.5,258.7,0,23.56,883.4
72,"2021-03-17,23:15",21.9,80.6,-,2.5,110.882,0,23.18,883.5
72,"2021-03-17,23:30",21.8,83.2,-,2.5,309.151,0,23.12,883.4
72,"2021-03-18,00:15",20.3,87.1,-,2.5,321.573,0,22.93,883.8
72,"2021-03-18,03:15",19.7,87.8,-,0,220.343,0,22.06,882.9
72,"2021-03-18,03:30",19.5,89.2,-,0,248.966,0,22.06,882.8
72,"2021-03-18,08:15",21.3,73.6,0.021784,0,-,0,21.37,884.4
72,"2021-03-18,10:15",26.2,62.9,0.005248,0,-,0,25.56,885.6
72,"2021-03-18,11:15",27,64.8,0.014248,0,-,0,27.81,885.4
72,"2021-03-18,13:45",24.5,66.5,0.000248,2.5,-,0,29.87,883.6
72,"2021-03-18,14:15",26.4,62,0.029248,0,-,0,29.43,883.5
72,"2021-03-18,14:45",26.8,62,0.019248,2.5,-,0,29.87,883.1
72,"2021-03-18,15:30",27.1,60.9,0.011248,2.5,-,0,30.37,881.9
72,"2021-03-18,15:45",27.8,61.3,0.010248,2.5,-,0,30.37,881.9
72,"2021-03-18,16:15",28.2,57.6,0.003248,2,-,0,30.18,881.4
72,"2021-03-18,16:30",27.5,57,0.000248,2.5,-,0,30,881.2
72,"2021-03-18,17:45",25.4,66.2,0.015784,0,-,0,28.75,880.8
72,"2021-03-18,18:45",23.6,70.1,0.02232,0,-,0,27.56,881
72,"2021-03-18,19:30",22.1,76.2,0.002,2.5,-,0,26.43,880.8
72,"2021-03-18,19:45",21.8,76.1,-,2.5,242.021,0,26.18,880.8
72,"2021-03-18,20:15",21.3,76.6,-,0,250.877,0,25.62,881.5
72,"2021-03-18,20:30",21.7,74.5,-,2.5,249.474,0,25.31,881.8
72,"2021-03-18,22:00",20.8,82.6,-,0,288.571,0,24.25,882.3
72,"2021-03-18,22:45",20.7,83.6,-,0,295.942,0,23.81,882.5
72,"2021-03-18,23:00",20.8,81.7,-,0,295.636,0,23.75,882.8
72,"2021-03-18,23:45",20.9,81.5,-,0,297.037,0,23.37,883.2
72,"2021-03-19,00:30",21,79.5,-,5,96.854,0,23,883.7
72,"2021-03-19,00:45",20.8,79.8,-,2.5,206.217,0,22.93,883.7
72,"2021-03-19,01:15",0,81.8,0.001,0,-,0,22.68,883.2
72,"2021-03-19,01:30",20.4,80.9,-,2.5,103.664,0,22.62,882.8
72,"2021-03-19,02:15",20.1,86.7,-,5,25.49,0,22.37,883.4
72,"2021-03-19,03:45",19.8,81.7,-,0,80,0,21.81,882.4
72,"2021-03-19,4:00",19.8,81.8,-,0,80.855,0,21.81,882.2
72,"2021-03-20,00:15",18.8,91.6,-,0,347.816,0,20.68,882.8
72,"2021-03-20,00:30",18.8,91,-,0,350.769,0,20.68,882.7
72,"2021-03-20,01:15",18.2,92.7,-,0,354.704,0,20.68,881.9
72,"2021-03-20,02:15",19.2,88.4,-,0,355.41,0,20.75,881.8
72,"2021-03-20,02:45",19,92.4,-,0,357.778,0,20.81,881.7
72,"2021-03-20,3:00",18.8,92.8,-,0,357.682,0,20.81,881.9
72,"2021-03-21,00:15",23.2,79,-,0,267.407,0,24.12,880.7
72,"2021-03-21,00:30",23.2,77.5,-,0,281.859,0,24.06,880.7
72,"2021-03-21,03:30",19.6,89.6,-,2.5,108.276,0,23.12,879.4
72,"2021-03-21,03:45",19.6,89.8,-,2.5,99.328,0,23.06,879.4
72,"2021-03-21,04:15",19.5,89.2,-,0,193.913,0,22.81,879.5
72,"2021-03-21,04:30",19.9,88.6,-,0,194.159,0,22.68,879.8
72,"2021-03-21,04:45",19.9,89,-,0,195.111,0,22.68,879.9
72,"2021-03-21,05:15",20.1,91,-,0,197.84,0,22.56,880.5
72,"2021-03-21,05:30",20,89.9,-,0,197.84,0,22.56,880.6
72,"2021-03-21,06:15",20.2,89,-,0,176.985,0,22.37,880.7
72,"2021-03-21,09:45",26.6,62.9,0.007248,2.5,-,0,25.93,882.7
72,"2021-03-21,10:00",26.3,62.8,0.008248,2.5,-,0,26,882.7
72,"2021-03-21,10:30",26.3,68.3,0.014248,5,-,0,27.68,882.9
72,"2021-03-21,10:45",27,68.7,0.015248,2.5,-,0,27.93,882.9
72,"2021-03-21,11:15",27,68.8,0.031784,0,-,0,29.12,882.6
72,"2021-03-21,11:30",27.4,66.7,0.023248,5,-,0,29.18,882.4
72,"2021-03-21,12:15",23.3,89.3,0.031784,0,-,0,28.06,882.2
72,"2021-03-21,13:30",24.6,76.9,0.004784,2.5,-,0,27.18,880.8
72,"2021-03-21,13:45",24.5,77.3,0.001784,2.5,-,0,27.12,880.8
72,"2021-03-21,14:15",19.2,89.1,0.02932,0,-,0,25.75,880.2
72,"2021-03-21,14:30",18.5,97.2,0.03232,0,-,0,25.31,880.2
72,"2021-03-21,15:15",20.6,80.1,0.01732,5,-,1,24.25,879.7
72,"2021-03-21,15:30",19.1,95.2,0.02332,0,-,0,23.75,879.4
72,"2021-03-21,17:15",22.3,82.5,0.031784,0,-,0,23.18,878.7
72,"2021-03-21,18:15",23.1,79.8,0.014784,0,-,0,23.68,879.6
72,"2021-03-21,19:15",19,90.8,0.005464,2.5,-,0,23.25,881.4
72,"2021-03-21,20:30",19,93.2,-,0,294.074,0,22.37,880.9
72,"2021-03-21,20:45",18.9,92.8,-,0,342.825,0,22.37,881.1
72,"2021-03-21,21:30",18.7,93.6,-,0,86.061,0,22.06,880.8
72,"2021-03-21,22:15",18.9,91.3,-,0,85.426,0,21.93,880.6
72,"2021-03-21,22:30",19.2,88.5,-,0,85.426,0,21.93,880.6
72,"2021-03-21,23:15",19.5,90.2,-,0,98.4,0,21.87,881.3
72,"2021-03-21,23:45",19.4,92,-,0,96.872,0,21.81,881.4
72,"2021-03-21,24:00",19.4,93.5,-,0,97.355,0,21.81,881.4
72,"2021-03-22,00:30",19.8,90.6,-,0,97.749,0,21.81,881.6
72,"2021-03-22,00:45",19.7,92.8,-,0,97.544,0,21.81,881.6
72,"2021-03-22,02:15",20.4,90.9,0.001,0,-,0,21.75,881.5
72,"2021-03-22,02:30",20.3,91.9,0.001,0,-,0,21.75,881.6
72,"2021-03-22,09:15",24.8,71.6,0.003248,2.5,-,0,23.25,883.6
72,"2021-03-22,11:15",26.7,69.5,0.019248,2.5,-,0,27.18,884.2
72,"2021-03-22,13:15",19.6,92.3,0.006784,0,-,0,24.25,883.4
72,"2021-03-22,16:15",24.8,64.8,0,24.68,880.6,,,
72,"2021-03-22,16:30",24.9,68.7,0,24.75,880.6,,,
72,"2021-03-22,17:15",24.2,68.3,0.024784,0,-,0,24.93,880.8
72,"2021-03-22,18:15",23.5,72.6,0.003784,0,-,0,24.68,881.2
72,"2021-03-22,19:15",21.8,77.7,0.032392,0,-,0,24.06,881.7
72,"2021-03-22,19:45",21.3,82.1,-,0,78.195,0,23.68,882.1
72,"2021-03-22,20:00",21.2,79.1,-,0,78.195,0,23.68,882.2
72,"2021-03-22,20:30",-,0,184.412,0,23.18,882.6,,
72,"2021-03-22,20:45",20.5,86.8,-,0,182.941,0,23.12,882.7
72,"2021-03-22,21:30",21.7,78.5,-,5,3.881,0,22.68,883.7
72,"2021-03-22,22:15",20.5,80.2,-,0,77.338,0,22.31,883.3
72,"2021-03-22,22:30",20.2,82.7,-,0,77.71,0,22.31,883.3
72,"2021-03-22,23:00",19.9,85.1,-,0,78.054,0,22.12,883.1
72,"2021-03-22,23:45",19.9,85.2,-,0,76.774,0,21.87,883.3
72,"2021-03-22,24:00",20,81.7,-,0,76.327,0,21.87,883.3
72,"2021-03-23,00:30",19.5,86.4,-,0,77.479,0,21.68,883
72,"2021-03-23,00:45",-,0,119.007,0,21.68,882.9,,
72,"2021-03-23,01:30",20.1,87.7,-,0,86.787,0,21.56,882.8
72,"2021-03-23,01:45",20,88.5,-,0,86.787,0,21.56,882.8
72,"2021-03-23,02:15",19.6,90.7,-,0,178.077,0,21.5,882.7
72,"2021-03-23,03:15",19.3,92.1,0,21.43,882.3,,,
72,"2021-03-23,03:30",19.5,89.6,0,21.43,882.2,,,
72,"2021-03-23,04:15",19.6,91.6,0,21.37,882,,,
72,"2021-03-23,04:30",19.9,89.4,0,21.31,882.1,,,
72,"2021-03-23,04:45",19.9,89.3,0,21.37,882.2,,,
72,"2021-03-23,05:30",19.9,92.5,0,21.31,882.4,,,
72,"2021-03-23,05:45",19.7,92.7,0,21.25,882.5,,,
72,"2021-03-23,6:00",19.8,93.4,0,21.25,882.5,,,
72,"2021-03-24,00:30",20.4,94.9,-,0,242.326,0,21.12,883.9
72,"2021-03-24,00:45",20.3,95.5,-,0,177.183,0,21.12,883.7
72,"2021-03-24,01:30",19.5,97.6,-,0,176.891,0,21,883.3
72,"2021-03-24,02:15",19.6,97.5,0,20.81,883,,,
72,"2021-03-24,02:30",19.3,98.3,0,20.75,882.8,,,
72,"2021-03-24,02:45",19.2,98.4,0,20.68,883,,,
72,"2021-03-24,05:15",18.5,98,0,20,883.3,,,
72,"2021-03-24,06:15",19,97.4,0,19.75,883.8,,,
72,"2021-03-24,08:30",24.6,76.6,0,20.62,885.4,,,
72,"2021-03-24,08:45",24,79.8,0.011784,0,-,0,21.18,885.3
72,"2021-04-01,12:15",26.8,69,0.022248,2.5,-,0,29.43,884.6
72,"2021-04-01,12:30",28.4,66.8,0.020248,5,-,0,29.62,884.4
72,"2021-04-01,12:45",27.1,67.5,0.020248,2.5,-,0,29.68,884.4
72,"2021-04-01,13:15",27.4,70.4,0.023248,2.5,-,0,29.93,883.8
72,"2021-04-01,14:15",27.4,66.6,0.017248,2.5,-,0,30.12,883.1
72,"2021-04-01,15:15",0,68.5,0.010248,2.5,-,0,30.25,882.6
72,"2021-04-01,16:15",27,67.1,-,-,-,0,30,882.2
72,"2021-04-01,16:45",26.7,69.5,-,-,-,0,29.62,881.7
72,"2021-04-01,18:15",25.1,73.9,-,-,-,0,28.06,881.7
72,"2021-04-01,18:45",23.6,79,0.00032,2.5,-,0,27.18,881.9
72,"2021-04-01,20:30",22.6,83.8,-,2.5,156.296,0,25.56,882.5
72,"2021-04-01,20:45",22.1,86.4,-,0,185.204,0,25.43,882.6
72,"2021-04-01,21:15",21.8,88.2,-,0,185.243,0,25.06,883.4
72,"2021-04-01,21:30",22,87.3,-,0,192.83,0,25,883.5
72,"2021-04-01,22:15",20.8,91.9,-,0,193.74,0,24.56,884.5
72,"2021-04-01,23:15",21.5,88.4,-,0,192.403,0,24.25,884.5
72,"2021-04-02,00:30",21,90.5,-,0,192.8,0,23.87,883.6
72,"2021-04-02,00:45",21.2,89.3,-,0,109.655,0,23.81,883.7
72,"2021-04-02,01:30",22.1,85.5,-,2.5,205.514,0,23.68,8
72,"2021-04-02,03:15",19.5,90.4,-,0,337.143,0,23.12,882.9
72,"2021-04-02,03:45",19.4,94.8,-,0,17.037,0,23,883
72,"2021-04-02,4:00",19.5,94.9,0.001,0,-,0,22.93,883
72,"2021-04-02,03:15",19.5,90.4,-,0,337.143,0,23.12,882.9
72,"2021-04-02,03:45",19.4,94.8,-,0,17.037,0,23,883
72,"2021-04-02,4:00",19.5,94.9,0.001,0,-,0,22.93,883
72,"2021-04-02,03:15",19.5,90.4,-,0,337.143,0,23.12,882.9
72,"2021-04-02,03:45",19.4,94.8,-,0,17.037,0,23,883
72,"2021-04-02,4:00",19.5,94.9,0.001,0,-,0,22.93,883
72,"2021-04-02,04:45",20,91.6,-,2.5,177.073,0,22.81,884.1
72,"2021-04-02,5:00",20,91.6,0.001,5,-,0,22.81,884.1
72,"2021-04-02,04:45",20,91.6,-,2.5,177.073,0,22.81,884.1
72,"2021-04-02,5:00",20,91.6,0.001,5,-,0,22.81,884.1
72,"2021-04-02,04:45",20,91.6,-,2.5,177.073,0,22.81,884.1
72,"2021-04-02,5:00",20,91.6,0.001,5,-,0,22.81,884.1
72,"2021-04-02,04:45",20,91.6,-,2.5,177.073,0,22.81,884.1
72,"2021-04-02,5:00",20,91.6,0.001,5,-,0,22.81,884.1
72,"2021-04-02,05:30",19.8,91.6,0.001,0,-,0,22.62,883.9
72,"2021-04-02,06:30",19.2,87.2,-,-,-,0,22.43,884.4
72,"2021-04-02,06:45",19.2,89.5,-,-,-,0,22.37,884.3
72,"2021-04-02,7:00",19.2,90,-,-,-,0,22.37,884.3
72,"2021-04-02,06:30",19.2,87.2,-,-,-,0,22.43,884.4
72,"2021-04-02,06:45",19.2,89.5,-,-,-,0,22.37,884.3
72,"2021-04-02,7:00",19.2,90,-,-,-,0,22.37,884.3
72,"2021-04-02,06:30",19.2,87.2,-,-,-,0,22.43,884.4
72,"2021-04-02,06:45",19.2,89.5,-,-,-,0,22.37,884.3
72,"2021-04-02,7:00",19.2,90,-,-,-,0,22.37,884.3
72,"2021-04-02,06:30",19.2,87.2,-,-,-,0,22.43,884.4
72,"2021-04-02,06:45",19.2,89.5,-,-,-,0,22.37,884.3
72,"2021-04-02,7:00",19.2,90,-,-,-,0,22.37,884.3
72,"2021-04-02,07:45",18.7,94.8,-,-,-,0,22.18,885.1
72,"2021-04-02,09:15",19,91.7,-,-,-,0,22,886.9
72,"2021-04-02,10:15",19.4,94.3,0.013784,0,-,0,22,887
72,"2021-04-02,11:15",20.3,91.5,-,-,-,0,22.25,887.3
72,"2021-04-02,12:45",23,76.1,0.003248,2.5,-,0,23.75,886.1
72,"2021-04-02,13:00",23.2,77.9,0.000248,5,-,0,24.06,885.7
72,"2021-04-02,14:30",25.3,68.4,0.013248,0,-,0,25.56,8
72,"2021-04-02,14:45",25.3,69.6,0.003248,2.5,-,0,25.81,884
72,"2021-04-02,15:00",25.6,70.2,0.000248,2.5,-,0,25.81,884
72,"2021-04-02,17:30",26.7,66.4,0.023784,0,-,0,26.62,882.6
72,"2021-04-02,17:45",26.3,66.2,0.015784,2.5,-,0,26.5,882.6
72,"2021-04-02,18:45",23.80,76.20,0.017320,0.00,85.036,0,25.75,883.5
72,"2021-04-02,19:30",22.90,77.30,0.001000,0.00,95.129,0,25.31,883.8
72,"2021-04-02,19:45",23.10,76.80,-,0.00,95.556,0,25.25,883.9
72,"2021-04-02,20:15",23.10,76.30,-,0.00,102.846,0,24.87,884.0
72,"2021-04-02,20:30",22.70,79.10,-,0.00,103.308,0,24.87,884.0
72,"2021-04-02,21:15",22.20,85.00,-,0.00,103.664,0,24.43,884.1
72,"2021-04-02,22:45",21.40,89.60,-,0.00,115.968,0,23.87,884.7
72,"2021-04-02,23:00",21.40,88.40,-,0.00,115.968,0,23.87,884.7
72,"2021-04-02,23:30",20.70,87.90,-,0.00,155.806,0,23.56,885.3
72,"2021-04-02,23:45",20.60,89.00,-,2.50,165.366,0,23.50,885.3
72,"2021-04-03,00:15",20.70,86.40,-,0.00,206.667,0,23.18,884.9
72,"2021-04-03,00:30",20.50,87.60,-,0.00,206.891,0,23.18,884.9
72,"2021-04-03,01:15",20.30,89.60,-,0.00,108.276,0,23.00,884.7
72,"2021-04-03,03:30",20.40,89.70,-,0.00,177.015,0,22.56,884.4
72,"2021-04-03,03:45",20.20,90.90,0.000000,0.00,180.0,0,22.50,884.4
72,"2021-04-03,04:15",20.60,89.20,0.001000,0.00,177.826,0,22.50,884.1
72,"2021-04-03,05:30",20.20,93.10,-,-,-,0,22.43,884.4
72,"2021-04-03,05:45",20.20,93.00,-,-,-,0,-,884.4
72,"2021-04-03,06:45",20.30,92.50,-,-,-,0,22.37,884.6
72,"2021-04-03,7:00",20.10,94.30,-,-,-,0,22.37,884.6
72,"2021-04-03,06:45",20.30,92.50,-,-,-,0,22.37,884.6
72,"2021-04-03,7:00",20.10,94.30,-,-,-,0,22.37,884.6
72,"2021-04-03,06:45",20.30,92.50,-,-,-,0,22.37,884.6
72,"2021-04-03,7:00",20.10,94.30,-,-,-,0,22.37,884.6
72,"2021-04-03,06:45",20.30,92.50,-,-,-,0,22.37,884.6
72,"2021-04-03,7:00",20.10,94.30,-,-,-,0,22.37,884.6
72,"2021-04-03,08:15",20.90,91.10,0.002784,0.00,177.044,0,22.43,885.2
72,"2021-04-03,09:45",25.50,73.40,0.013248,0.00,279.281,0,25.00,885.6
72,"2021-04-03,10:00",26.10,68.40,0.013248,2.50,106.829,0,25.12,885.6
72,"2021-04-03,10:30",26.30,70.00,0.015248,2.50,287.914,0,26.68,885.7
72,"2021-04-03,10:45",26.70,74.20,0.015248,2.50,73.525,0,26.93,885.7
72,"2021-04-03,11:15",26.40,72.10,0.018248,2.50,168.489,0,28.12,885.8
72,"2021-04-03,11:30",26.50,71.30,0.020248,5.00,197.266,0,28.43,885.7
72,"2021-04-03,14:15",25.60,70.70,0.006248,2.50,118.571,0,27.43,883.6
72,"2021-04-03,16:15",27.00,67.00,-,-,-,0,27.68,881.3
72,"2021-04-03,18:15",24.90,72.60,0.000784,0.00,121.429,0,27.00,881.6
72,"2021-04-03,20:15",22.70,83.30,-,0.00,276.629,0,25.43,883.1
72,"2021-04-03,21:30",22.30,88.90,-,0.00,284.981,0,24.75,883.9
72,"2021-04-03,21:45",22.00,88.90,-,2.50,286.154,0,24.68,884.0
72,"2021-04-03,22:30",22.60,86.40,-,0.00,287.812,0,24.43,884.6
72,"2021-04-03,22:45",22.40,87.20,-,0.00,289.02,0,24.43,884.7
72,"2021-04-03,23:15",22.50,87.40,-,0.00,305.397,0,24.25,884.4
72,"2021-04-03,23:30",22.40,86.50,-,0.00,305.1,0,24.25,884.4
72,"2021-04-04,00:15",21.80,91.50,-,0.00,304.59,0,24.06,884.1
72,"2021-04-04,00:30",21.80,91.30,-,0.00,304.59,0,24.06,884.1
72,"2021-04-04,01:15",21.80,89.90,-,0.00,307.426,0,23.87,884.2
72,"2021-04-04,02:30",21.70,91.90,-,0.00,317.22,0,23.68,883.0
72,"2021-04-04,02:45",21.80,91.90,-,0.00,318.182,0,23.68,883.7
72,"2021-04-04,03:15",21.40,91.00,-,2.50,349.953,0,23.62,883.5
72,"2021-04-04,03:30",21.30,91.60,-,0.00,176.226,0,23.56,883.4
72,"2021-04-04,04:15",20.80,95.30,0.001000,0.00,177.98,0,23.50,882.8
72,"2021-04-04,04:30",,95.60,0.001000,0.00,180.0,0,23.50,882.9
72,"2021-04-04,05:15",21.00,93.60,-,-,-,0,23.37,883.9
72,"2021-04-04,05:30",20.90,94.10,-,-,-,0,23.37,883.9
72,"2021-04-04,06:15",19.60,93.70,-,-,-,0,23.06,884.7
72,"2021-04-04,06:30",19.50,94.40,-,-,-,0,22.93,884.6
72,"2021-04-04,06:45",19.50,94.00,-,-,-,0,22.93,884.6
72,"2021-04-04,07:45",19.40,94.90,-,2.50,176.757,0,22.62,885.2
72,"2021-04-04,08:30",20.40,92.40,0.022784,0.00,193.793,0,22.56,886.3
72,"2021-04-04,08:45",21.00,89.40,0.030784,0.00,200.747,0,22.68,886.4
72,"2021-04-04,09:30",22.30,82.70,-,-,-,0,23.18,886.3
72,"2021-04-04,09:45",22.70,82.90,-,-,-,0,23.31,886.5
72,"2021-04-04,10:00",22.90,78.80,-,-,-,0,23.50,886.9
72,"2021-04-04,10:30",23.70,79.50,0.005248,0.00,67.455,0,24.00,886.8
72,"2021-04-04,10:45",23.80,79.00,0.010248,2.50,98.996,0,24.25,886.7
72,"2021-04-04,11:00",23.50,77.40,0.012248,2.50,246.0,0,24.37,886.7
72,"2021-04-04,11:30",24.70,75.50,0.008248,0.00,183.584,0,25.18,886.7
72,"2021-04-04,11:45",24.40,72.90,0.003248,2.50,74.964,0,25.37,886.4
72,"2021-04-04,13:30",25.60,69.90,0.026248,0.00,319.568,0,26.50,884.6
72,"2021-04-04,13:45",26.50,67.80,0.023248,2.50,257.698,0,26.62,884.2
72,"2021-04-04,14:15",25.20,72.90,0.009248,2.50,92.23,0,27.12,883.6
72,"2021-04-04,14:30",25.40,73.70,0.006248,2.50,244.748,0,27.18,883.2
72,"2021-04-04,14:45",0.00,-,0.018248,0.00,99.424,0,27.18,883.1
72,"2021-04-04,15:15",26.60,64.20,0.011248,2.50,110.935,0,27.43,882.2
72,"2021-04-04,16:15",26.30,65.40,-,-,-,0,27.62,881.4
72,"2021-04-04,17:30",26.40,63.90,0.030784,0.00,272.086,0,27.18,881.5
72,"2021-04-04,18:30",23.90,71.10,-,0.00,306.354,0,26.31,882.3
72,"2021-04-04,19:15",22.40,78.80,0.020000,0.00,105.517,0,25.56,882.9
72,"2021-04-04,20:15",21.60,84.40,-,0.00,306.038,0,24.87,883.7
72,"2021-04-04,21:45",21.90,80.40,-,0.00,86.564,0,24.12,884.8
72,"2021-04-04,22:00",22.00,80.80,-,0.00,86.977,0,24.12,884.8
72,"2021-04-04,22:30",21.60,82.40,-,2.50,111.765,0,23.87,885.4
72,"2021-04-04,22:45",21.10,83.90,-,0.00,110.196,0,23.81,885.4
72,"2021-04-04,23:15",21.40,82.80,-,0.00,212.669,0,23.62,885.6
72,"2021-04-04,23:30",21.60,81.40,-,2.50,231.2,0,23.56,885.5
72,"2021-04-05,00:15",20.80,84.80,-,5.00,265.246,0,23.18,885.7
72,"2021-04-05,01:45",20.00,88.90,-,5.00,277.391,0,22.56,885.1
72,"2021-04-05,2:00",20.00,89.00,-,2.50,309.825,0,22.56,885.0
72,"2021-04-05,01:45",20.00,88.90,-,5.00,277.391,0,22.56,885.1
72,"2021-04-05,2:00",20.00,89.00,-,2.50,309.825,0,22.56,885.0
72,"2021-04-05,01:45",20.00,88.90,-,5.00,277.391,0,22.56,885.1
72,"2021-04-05,2:00",20.00,89.00,-,2.50,309.825,0,22.56,885.0
72,"2021-04-05,02:30",19.60,91.30,-,0.00,175.475,0,22.43,884.4
72,"2021-04-05,02:45",19.70,90.00,-,2.50,227.273,0,22.37,884.2
72,"2021-04-05,04:15",19.40,89.40,-,0.00,178.0,0,22.18,883.6
72,"2021-04-05,04:30",19.40,89.20,0.001000,0.00,176.985,0,22.12,883.5
72,"2021-04-05,05:15",19.30,91.30,-,-,-,0,22.12,883.6
72,"2021-04-05,06:15",19.40,90.30,-,-,-,0,22.06,883.8
72,"2021-04-05,06:30",19.50,90.00,-,-,-,0,22.06,883.8
72,"2021-04-05,07:30",20.20,88.30,-,0.00,177.849,0,22.00,884.6
72,"2021-04-05,08:15",21.90,80.60,0.023784,2.50,7.119,0,22.25,885.3
72,"2021-04-05,08:30",22.10,80.70,0.030784,0.00,6.23,0,22.31,885.4
72,"2021-04-05,09:45",25.40,72.00,0.016248,0.00,46.187,0,23.25,885.7
72,"2021-04-05,10:15",26.70,69.80,0.003248,2.50,172.058,0,25.00,885.8
72,"2021-04-05,10:30",26.00,70.60,0.005248,2.50,240.432,0,25.31,885.9
72,"2021-04-05,12:15",28.50,67.10,0.017248,5.00,102.744,0,28.43,885.5
72,"2021-04-05,13:45",27.70,69.10,0.024248,2.50,86.475,0,29.50,884.2
72,"2021-04-05,14:45",27.00,65.50,0.002248,7.50,262.014,0,29.56,883.0
72,"2021-04-05,15:00",26.80,7,0.005248,2.50,279.281,0,29.50,882.7
72,"2021-04-05,15:45",26.60,65.20,0.007248,2.50,150.609,0,28.93,881.6
72,"2021-04-05,16:00",27.00,64.70,0.007248,5.00,250.504,0,28.87,881.6
72,"2021-04-05,16:30",25.80,68.00,0.020784,5.00,275.341,0,28.68,881.7
72,"2021-04-05,16:45",26.60,65.40,0.012784,2.50,302.581,0,28.62,8.0
72,"2021-04-05,17:45",25.20,72.60,0.005784,5.00,106.389,0,27.81,881.6
72,"2021-04-05,18:30",23.50,78.40,0.018320,0.00,267.77,0,27.00,882.1
72,"2021-04-05,18:45",23.40,78.30,0.005320,2.50,345.343,0,26.81,882.2
72,"2021-04-05,19:30",22.50,81.50,-,0.00,303.529,0,26.0,882.8
72,"2021-04-05,19:45",22.50,81.60,-,0.00,105.517,0,25.93,883.2
72,"2021-04-06,00:15",22.30,82.80,-,5.00,137.43,0,24.06,885.6
72,"2021-04-06,00:30",22.30,83.30,-,2.50,18.71,0,24.00,885.6
72,"2021-04-06,01:15",19.50,88.10,-,0.00,348.201,0,23.50,885.5
72,"2021-04-06,02:15",18.70,92.50,-,0.00,206.316,0,23.06,885.6
72,"2021-04-06,03:30",18.50,96.50,-,0.00,234.717,0,22.81,884.9
72,"2021-04-06,03:45",18.60,96.60,-,0.00,178.113,0,22.75,884.9
72,"2021-04-06,04:15",18.60,95.10,-,0.00,178.058,0,22.68,884.6
72,"2021-04-06,04:30",18.60,94.60,-,0.00,177.015,0,22.62,884.4
72,"2021-04-06,04:45",18.60,94.60,0.001000,0.00,177.015,0,22.68,884.4
72,"2021-04-06,05:15",18.70,97.40,-,0.00,178.919,0,22.56,884.4
72,"2021-04-06,05:30",18.80,95.40,-,0.00,178.907,0,22.56,884.5
72,"2021-04-06,06:15",18.40,96.60,-,-,-,0,22.43,884.2
72,"2021-04-06,06:30",18.30,97.20,-,-,-,0,22.37,884.2
72,"2021-04-06,07:30",19.20,91.60,-,0.00,177.872,0,22.25,884.5
72,"2021-04-06,07:45",19.30,91.30,-,0.00,176.825,0,22.25,884.6
72,"2021-04-06,09:15",23.30,79.00,0.004248,0.00,111.408,0,22.81,885.8
72,"2021-04-06,11:30",25.30,70.70,0.009248,5.00,221.727,0,24.93,885.9
72,"2021-04-06,11:45",26.50,71.10,0.023248,5.00,20.288,0,25.06,886.0
72,"2021-04-06,12:15",25.50,72.00,-,-,-,0,26.31,885.5
72,"2021-04-06,12:30",25.50,73.20,-,-,-,0,26.37,885.5
72,"2021-04-06,13:30",25.70,74.00,0.002248,2.50,335.396,0,26.81,884.3
72,"2021-04-06,14:15",27.10,69.20,0.015248,2.50,174.245,0,27.25,8.0
72,"2021-04-06,14:30",26.90,68.50,0.014248,2.50,57.698,0,27.37,883.0
72,"2021-04-06,15:15",27.50,68.80,0.008248,2.50,291.913,0,27.87,882.0
72,"2021-04-06,17:15",26.00,69.50,0.030784,0.00,274.964,0,27.75,881.7
72,"2021-04-06,18:45",23.70,75.60,0.000320,0.00,288.696,0,26.50,882.5
72,"2021-04-06,19:00",23.20,77.00,0.004856,0.00,295.328,0,26.37,882.7
72,"2021-04-06,19:45",23.10,78.60,-,0.00,17.037,0,25.81,882.9
72,"2021-04-06,20:30",23.00,80.10,-,0.00,63.895,0,25.18,883.6
72,"2021-04-06,20:45",22.50,83.40,-,0.00,67.547,0,25.06,883.8
72,"2021-04-06,21:15",22.80,83.00,-,0.00,80.38,0,24.81,884.6
72,"2021-04-06,21:30",22.60,85.40,-,0.00,91.45,0,24.75,884.8
72,"2021-04-06,21:45",22.70,85.00,-,7.50,91.45,0,24.75,884.8
72,"2021-04-06,22:15",21.90,88.90,-,0.00,96.279,0,24.50,885.3
72,"2021-04-06,22:30",22.10,87.40,-,0.00,94.729,0,24.43,885.3
72,"2021-04-06,23:45",22.10,86.50,-,0.00,96.8,0,24.18,885.7
72,"2021-04-07,00:30",21.80,90.50,-,0.00,99.184,0,24.06,885.0
72,"2021-04-07,00:45",22.40,87.90,-,2.50,121.564,0,24,884.9
72,"2021-04-07,01:15",20.60,88.10,-,2.50,343.025,0,23.75,884.9
72,"2021-04-07,01:30",20.40,88.20,-,2.50,30.42,0,23.75,885.0
72,"2021-04-07,02:15",19.40,93.10,-,0.00,157.974,0,23.37,884.9
72,"2021-04-07,03:15",19.30,94.60,-,0.00,163.333,0,23.18,884.0
72,"2021-04-07,04:30",19.40,93.90,-,0.00,177.98,0,23.00,883.7
72,"2021-04-07,04:45",19.50,93.60,0.002000,0.00,176.923,0,22.93,883.6
72,"2021-04-07,05:30",19.60,94.70,-,-,-,0,22.87,884.0
72,"2021-04-07,05:45",19.50,94.80,-,-,-,0,22.87,884.0
72,"2021-04-07,06:30",19.00,96.20,-,-,-,0,22.75,884.4
72,"2021-04-07,06:45",19.30,94.70,-,-,-,0,22.62,884.6
72,"2021-04-07,7:00",19.30,94.40,-,-,-,0,22.62,884.7
72,"2021-04-07,06:30",19.00,96.20,-,-,-,0,22.75,884.4
72,"2021-04-07,06:45",19.30,94.70,-,-,-,0,22.62,884.6
72,"2021-04-07,7:00",19.30,94.40,-,-,-,0,22.62,884.7
72,"2021-04-07,06:30",19.00,96.20,-,-,-,0,22.75,884.4
72,"2021-04-07,06:45",19.30,94.70,-,-,-,0,22.62,884.6
72,"2021-04-07,7:00",19.30,94.40,-,-,-,0,22.62,884.7
72,"2021-04-07,07:45",21.80,85.70,0.000784,0.00,176.262,0,22.68,885.5
72,"2021-04-07,8:00",21.50,86.60,0.002784,0.00,178.131,0,22.81,885.7
72,"2021-04-07,07:45",21.80,85.70,0.000784,0.00,176.262,0,22.68,885.5
72,"2021-04-07,8:00",21.50,86.60,0.002784,0.00,178.131,0,22.81,885.7
72,"2021-04-07,07:45",21.80,85.70,0.000784,0.00,176.262,0,22.68,885.5
72,"2021-04-07,8:00",21.50,86.60,0.002784,0.00,178.131,0,22.81,885.7
72,"2021-04-07,07:45",21.80,85.70,0.000784,0.00,176.262,0,22.68,885.5
72,"2021-04-07,8:00",21.50,86.60,0.002784,0.00,178.131,0,22.81,885.7
72,"2021-04-07,08:45",25.00,74.70,0.001248,0.00,180.0,0,23.75,885.8
72,"2021-04-07,9:00",25.50,74.70,0.001248,0.00,181.739,0,23.81,885.8
72,"2021-04-07,08:45",25.00,74.70,0.001248,0.00,180.0,0,23.75,885.8
72,"2021-04-07,9:00",25.50,74.70,0.001248,0.00,181.739,0,23.81,885.8
72,"2021-04-07,08:45",25.00,74.70,0.001248,0.00,180.0,0,23.75,885.8
72,"2021-04-07,9:00",25.50,74.70,0.001248,0.00,181.739,0,23.81,885.8
72,"2021-04-07,09:30",26.30,70.90,0.005248,0.00,196.418,0,25.43,886.0
72,"2021-04-07,09:45",25.90,70.70,0.006248,5.00,203.704,0,25.43,886.0
72,"2021-04-07,10:15",26.30,69.50,0.014248,0.00,341.011,0,27.00,886.1
72,"2021-04-07,10:30",26.40,64.30,0.015248,5.00,10.216,0,27.25,886.2
72,"2021-04-07,11:15",2,61.40,0.014248,2.50,153.285,0,28.37,886.0
72,"2021-04-07,12:15",28.50,70.30,0.018248,2.50,244.26,0,29.62,885.6
72,"2021-04-07,13:30",28.20,61.40,0.017248,5.00,89.353,0,29.87,884.3
72,"2021-04-07,13:45",0.00,63.30,0.017248,2.50,318.129,0,29.87,884.1
72,"2021-04-07,14:15",28.70,57.70,0.014248,5.00,204.46,0,29.93,883.6
72,"2021-04-07,14:30",28.70,59.80,0.012248,0.00,136.835,0,29.93,883.4
72,"2021-04-07,15:15",27.70,65.10,0.006248,2.50,56.259,0,29.93,882.9
72,"2021-04-07,16:15",27.70,67.10,-,-,-,0,29.8,882.0
72,"2021-04-07,17:30",27.30,70.00,0.031784,2.50,226.043,0,29.18,881.5
72,"2021-04-07,18:15",25.90,70.50,-,-,-,0,28.43,882.1
72,"2021-04-07,19:00",24.00,77.30,0.002856,2.50,85.797,0,27.56,882.3
72,"2021-04-07,20:15",0.00,81.00,-,0.00,171.882,0,26.50,883.3
72,"2021-04-07,21:30",22.40,86.50,-,0.00,179.245,0,25.62,884.4
72,"2021-04-07,21:45",22.40,87.50,-,0.00,180.0,0,25.62,884.4
72,"2021-04-07,22:15",22.40,88.90,-,0.00,179.234,0,25.25,884.3
72,"2021-04-07,22:30",22.60,87.80,-,0.00,184.615,0,25.18,884.6
72,"2021-04-07,23:15",22.20,87.30,-,0.00,85.837,0,24.93,884.9
72,"2021-04-08,00:15",22.10,87.80,-,0.00,87.51,0,24.62,884.5
72,"2021-04-08,01:30",21.70,89.80,-,0.00,89.091,0,24.37,884.0
72,"2021-04-08,01:45",21.40,91.80,-,0.00,89.544,0,24.37,883.9
72,"2021-04-08,02:15",21.40,86.20,-,2.50,74.915,0,24.25,883.9
72,"2021-04-08,02:30",21.30,85.80,-,2.50,226.809,0,24.18,883.8
72,"2021-04-08,04:15",20.80,89.40,-,2.50,115.78,0,23.68,883.3
72,"2021-04-08,06:30",20.30,88.10,-,-,-,0,23.25,884.3
72,"2021-04-08,06:45",20.40,87.20,-,-,-,0,23.18,884.5
72,"2021-04-08,7:00",20.30,87.70,-,-,-,0,23.18,884.5
72,"2021-04-08,06:30",20.30,88.10,-,-,-,0,23.25,884.3
72,"2021-04-08,06:45",20.40,87.20,-,-,-,0,23.18,884.5
72,"2021-04-08,7:00",20.30,87.70,-,-,-,0,23.18,884.5
72,"2021-04-08,06:30",20.30,88.10,-,-,-,0,23.25,884.3
72,"2021-04-08,06:45",20.40,87.20,-,-,-,0,23.18,884.5
72,"2021-04-08,7:00",20.30,87.70,-,-,-,0,23.18,884.5
72,"2021-04-08,06:30",20.30,88.10,-,-,-,0,23.25,884.3
72,"2021-04-08,06:45",20.40,87.20,-,-,-,0,23.18,884.5
72,"2021-04-08,7:00",20.30,87.70,-,-,-,0,23.18,884.5
72,"2021-04-08,07:30",21.10,84.60,-,-,-,0,23.12,884.7
72,"2021-04-08,07:45",21.10,84.70,-,-,-,0,23.06,884.7
72,"2021-04-08,9:00",24.30,72.60,0.000248,2.50,317.879,0,24.00,885.5
72,"2021-04-08,9:00",24.30,72.60,0.000248,2.50,317.879,0,24.00,885.5
72,"2021-04-08,9:00",24.30,72.60,0.000248,2.50,317.879,0,24.00,885.5
72,"2021-04-08,9:00",24.30,72.60,0.000248,2.50,317.879,0,24.00,885.5
72,"2021-04-08,9:00",24.30,72.60,0.000248,2.50,317.879,0,24.00,885.5
72,"2021-04-08,9:00",24.30,72.60,0.000248,2.50,317.879,0,24.00,885.5
72,"2021-04-08,9:00",24.30,72.60,0.000248,2.50,317.879,0,24.00,885.5
72,"2021-04-08,10:15",26.80,67.10,0.013248,2.50,338.123,0,26.93,885.7
72,"2021-04-08,10:30",26.60,66.70,0.014248,2.50,120.072,0,27.25,885.8
72,"2021-04-08,11:15",27.00,66.20,0.017248,5.00,339.567,0,28.81,885.6
72,"2021-04-08,12:15",27.30,57.90,0.012248,2.50,315.018,0,29.56,885.0
72,"2021-04-08,13:45",28.40,65.30,0.022248,5.00,231.852,0,30.06,883.9
72,"2021-04-08,14:00",28.40,67.30,0.016248,2.50,66.643,0,30.06,883.7
72,"2021-04-08,14:30",28.30,59.50,0.012248,2.50,196.606,0,30.18,883.2
72,"2021-04-08,14:45",27.80,60.90,0.011248,2.50,144.621,0,30.25,883.0
72,"2021-04-08,15:30",27.70,60.70,0.005248,2.50,120.072,0,30.37,882.6
72,"2021-04-08,16:15",27.00,65.60,-,-,-,0,30.25,881.7
72,"2021-04-08,16:30",27.50,67.40,-,-,-,0,30.06,881.7
72,"2021-04-08,18:15",25.10,73.00,0.025320,0.00,221.727,0,28.68,882.0
72,"2021-04-08,18:30",24.70,72.50,0.024320,2.50,335.556,0,28.43,881.9
72,"2021-04-08,18:45",24.50,73.60,0.021320,0.00,100.415,0,28.37,881.9
72,"2021-04-08,19:15",23.90,76.00,0.016000,0.00,130.916,0,27.62,881.8
72,"2021-04-08,20:15",23.30,77.30,-,0.00,311.852,0,26.75,882.1
72,"2021-04-08,21:45",22.70,85.60,-,2.50,53.004,0,25.62,883.6
72,"2021-04-08,22:00",22.60,86.30,-,0.00,67.023,0,25.56,883.9
72,"2021-04-08,22:30",22.70,84.30,-,2.50,135.985,0,25.31,884.2
72,"2021-04-08,23:15",23.20,82.80,-,0.00,271.765,0,25.06,884.5
72,"2021-04-08,23:30",23.30,82.20,-,0.00,298.11,0,25.00,884.2
72,"2021-04-09,00:15",23.50,81.60,-,2.50,216.8,0,24.87,883.7
72,"2021-04-09,00:30",0.00,81.70,-,5.00,226.4,0,24.81,883.6
72,"2021-04-09,01:45",23.20,78.90,-,0.00,43.071,0,24.56,882.6
72,"2021-04-09,2:00",23.30,77.80,-,2.50,76.667,0,24.50,882.5
72,"2021-04-09,01:45",23.20,78.90,-,0.00,43.071,0,24.56,882.6
72,"2021-04-09,2:00",23.30,77.80,-,2.50,76.667,0,24.50,882.5
72,"2021-04-09,01:45",23.20,78.90,-,0.00,43.071,0,24.56,882.6
72,"2021-04-09,2:00",23.30,77.80,-,2.50,76.667,0,24.50,882.5
72,"2021-04-09,02:30",22.70,81.80,-,5.00,308.205,0,24.37,882.2
72,"2021-04-09,02:45",22.10,86.60,-,0.00,21.202,0,24.37,882.3
72,"2021-04-09,03:15",21.70,87.90,-,0.00,96.814,0,24.25,882.0
72,"2021-04-09,03:30",21.80,86.30,-,2.50,155.0,0,24.18,881.8
72,"2021-04-09,03:45",21.80,86.40,-,2.50,96.263,0,24.18,881.7
72,"2021-04-09,04:15",21.70,86.40,-,2.50,245.438,0,24.06,881.7
72,"2021-04-09,04:30",21.70,86.20,-,2.50,96.263,0,24.06,881.8
72,"2021-04-09,05:15",21.70,86.40,-,0.00,178.095,0,23.93,881.9
72,"2021-04-09,06:45",22.00,83.20,0.009856,0.00,177.849,0,23.75,882.6
72,"2021-04-09,07:30",22.80,79.20,0.009784,0.00,178.058,0,23.62,883.3
72,"2021-04-09,8:00",23.50,75.70,0.003784,0.00,176.296,0,23.62,883.6
72,"2021-04-09,07:30",22.80,79.20,0.009784,0.00,178.058,0,23.62,883.3
72,"2021-04-09,8:00",23.50,75.70,0.003784,0.00,176.296,0,23.62,883.6
72,"2021-04-09,07:30",22.80,79.20,0.009784,0.00,178.058,0,23.62,883.3
72,"2021-04-09,8:00",23.50,75.70,0.003784,0.00,176.296,0,23.62,883.6
72,"2021-04-09,07:30",22.80,79.20,0.009784,0.00,178.058,0,23.62,883.3
72,"2021-04-09,8:00",23.50,75.70,0.003784,0.00,176.296,0,23.62,883.6
72,"2021-04-09,09:30",26.10,66.70,-,-,-,0,25.43,884.3
72,"2021-04-09,09:45",25.50,69.40,-,-,-,0,25.68,884.7
72,"2021-04-09,10:00",26.10,69.00,-,-,-,0,25.75,885.0
72,"2021-04-09,10:45",26.30,68.30,0.001248,5.00,51.273,0,26.31,884.8
72,"2021-04-09,11:00",25.70,71.80,0.020248,5.00,99.708,0,26.43,884.7
72,"2021-04-09,11:45",27.40,68.40,0.022248,2.50,88.425,0,28.25,884.4
72,"2021-04-09,12:00",27.30,66.40,0.020248,0.00,287.692,0,28.56,884.2
72,"2021-04-09,12:30",27.00,66.80,0.013248,2.50,3.443,0,29.43,883.7
72,"2021-04-09,12:45",27.70,67.10,0.018248,2.50,115.766,0,29.50,883.7
72,"2021-04-09,14:15",27.50,66.90,0.024248,2.50,170.476,0,30.25,882.1
72,"2021-04-09,14:30",28.00,61.90,0.016248,2.50,73.773,0,30.31,881.9
72,"2021-04-09,15:15",29.00,61.50,0.024248,2.50,22.336,0,30.43,881.1
72,"2021-04-09,15:30",28.70,62.00,0.004248,5.00,355.092,0,30.43,880.7
72,"2021-04-09,16:15",27.30,60.40,-,-,-,0,30.25,880.3
72,"2021-04-09,16:30",27.90,58.70,-,-,-,0,30.18,880.3
72,"2021-04-09,17:15",27.20,63.50,0.030784,2.50,125.324,0,29.75,880.2
72,"2021-04-09,17:30",26.70,63.00,0.030784,0.00,260.576,0,29.62,880.2
72,"2021-04-09,19:15",23.00,76.00,0.022000,2.50,241.818,0,27.75,881.0
72,"2021-04-09,19:30",23.30,74.80,0.016000,0.00,236.055,0,27.75,881.0
72,"2021-04-09,20:45",22.40,79.30,-,0.00,36.929,0,26.43,882.3
72,"2021-04-09,21:00",22.50,78.90,-,0.00,36.929,0,26.37,882.5
72,"2021-04-09,22:15",22.20,81.80,-,0.00,46.667,0,25.56,883.4
72,"2021-04-09,22:30",21.90,82.50,-,0.00,46.926,0,25.43,883.4
72,"2021-04-09,23:15",22.00,86.80,-,0.00,46.403,0,25.12,883.6
72,"2021-04-09,23:30",22.20,85.60,-,0.00,47.984,0,25.12,883.7
72,"2021-04-10,00:15",21.50,84.50,-,2.50,321.935,0,24.81,883.7
72,"2021-04-10,01:30",20.90,83.80,-,5.00,282.075,0,24.25,883.0
72,"2021-04-10,01:45",20.90,82.90,-,2.50,118.333,0,24.18,883.1
72,"2021-04-10,02:15",20.90,82.70,-,5.00,235.319,0,24.06,882.8
72,"2021-04-10,02:30",20.70,81.50,-,2.50,134.506,0,24.00,882.6
72,"2021-04-10,02:45",-,82.00,-,5.00,252.961,0,23.93,882.6
72,"2021-04-10,03:15",20.50,79.40,-,2.50,341.062,0,23.68,882.4
72,"2021-04-10,03:30",20.50,79.40,-,2.50,47.556,-,,882.6
72,"2021-04-10,04:15",20.00,81.30,-,2.50,305.581,0,23.43,882.7
72,"2021-04-10,06:30",19.10,87.00,-,-,-,0,22.62,882.1
72,"2021-04-10,06:45",19.40,86.00,-,-,-,0,22.56,882.0
72,"2021-04-10,07:45",20.60,78.10,0.005784,0.00,178.148,0,22.56,882.2
72,"2021-04-10,8:00",20.90,77.30,0.017784,5.00,178.246,0,22.62,882.3
72,"2021-04-10,07:45",20.60,78.10,0.005784,0.00,178.148,0,22.56,882.2
72,"2021-04-10,8:00",20.90,77.30,0.017784,5.00,178.246,0,22.62,882.3
72,"2021-04-10,07:45",20.60,78.10,0.005784,0.00,178.148,0,22.56,882.2
72,"2021-04-10,8:00",20.90,77.30,0.017784,5.00,178.246,0,22.62,882.3
72,"2021-04-10,07:45",20.60,78.10,0.005784,0.00,178.148,0,22.56,882.2
72,"2021-04-10,8:00",20.90,77.30,0.017784,5.00,178.246,0,22.62,882.3
72,"2021-04-10,07:45",20.60,78.10,0.005784,0.00,178.148,0,22.56,882.2
72,"2021-04-10,8:00",20.90,77.30,0.017784,5.00,178.246,0,22.62,882.3
72,"2021-04-10,07:45",20.60,78.10,0.005784,0.00,178.148,0,22.56,882.2
72,"2021-04-10,8:00",20.90,77.30,0.017784,5.00,178.246,0,22.62,882.3
72,"2021-04-10,07:45",20.60,78.10,0.005784,0.00,178.148,0,22.56,882.2
72,"2021-04-10,8:00",20.90,77.30,0.017784,5.00,178.246,0,22.62,882.3
72,"2021-04-10,07:45",20.60,78.10,0.005784,0.00,178.148,0,22.56,882.2
72,"2021-04-10,8:00",20.90,77.30,0.017784,5.00,178.246,0,22.62,882.3
72,"2021-04-10,09:45",25.30,63.00,-,-,-,0,24.68,883.5
72,"2021-04-10,10:00",25.90,61.30,-,-,-,0,25.00,883.7
72,"2021-04-10,11:15",25.40,64.40,-,-,-,0,25.62,884.2
72,"2021-04-10,11:45",25.70,60.00,0.000248,2.50,96.547,0,26.12,884.3
72,"2021-04-10,12:15",26.70,62.90,0.000248,5.00,111.408,0.0,26.43,884.1
72,"2021-04-10,13:00",27.20,60.50,0.002248,2.50,221.727,0.0,27.37,883.7
72,"2021-04-10,13:45",28.80,64.90,0.008248,2.50,200.939,0.0,28.31,882.8
72,"2021-04-10,14:00",28.60,62.60,0.003248,5.00,218.267,0.0,28.37,882.6
72,"2021-04-10,14:30",27.30,64.90,-,-,-,0.0,28.93,881.9
72,"2021-04-10,15:45",26.70,61.70,0.006248,2.50,169.928,0.0,29.25,880.5
72,"2021-04-10,17:30",26.20,65.70,0.020784,0.00,279.281,0.0,28.50,879.8
72,"2021-04-10,17:45",25.90,65.40,0.006784,2.50,91.111,0.0,28.31,879.9
72,"2021-04-10,18:00",25.90,64.80,0.006784,2.50,86.475,0.0,28.25,879.9
72,"2021-04-10,18:30",23.80,69.10,0.007320,0.00,115.74,0.0,27.56,880.3
72,"2021-04-10,18:45",23.60,68.70,0.001320,0.00,125.848,0.0,27.31,880.4
72,"2021-04-10,19:30",23.10,71.70,-,2.50,314.328,0.0,26.56,880.9
72,"2021-04-10,19:45",22.80,72.50,-,0.00,314.082,0.0,26.50,881.0
72,"2021-04-10,20:15",22.80,78.20,-,0.00,8.679,0.0,25.93,881.9
72,"2021-04-10,20:30",22.50,80.40,-,0.00,8.788,0.0,25.93,882.1
72,"2021-04-10,21:45",22.10,86.30,-,0.00,187.812,0.0,25.18,882.7
72,"2021-04-10,22:00",22.00,86.60,-,0.00,190.196,0.0,25.12,882.8
72,"2021-04-10,22:30",22.80,81.20,-,0.00,29.206,0.0,24.93,883.2
72,"2021-04-10,22:45",23.10,80.50,-,2.50,108.0,0.0,24.81,883.3
72,"2021-04-10,23:15",22.90,79.80,-,2.50,30.202,0.0,24.68,883.7
72,"2021-04-10,23:30",22.90,81.40,-,0.00,258.049,0.0,24.56,883.7
72,"2021-04-10,23:45",22.90,81.80,-,2.50,274.309,0.0,24.56,883.7
72,"2021-04-11,00:15",23.00,83.90,-,2.50,93.58,0.0,24.37,883.4
72,"2021-04-11,00:30",23.00,83.50,-,2.50,221.322,0.0,24.31,883.3
72,"2021-04-11,01:15",23.20,81.30,-,2.50,126.058,0.0,24.18,883.0
72,"2021-04-11,02:30",20.70,83.10,-,2.50,287.826,0.0,23.93,882.8
72,"2021-04-11,03:30",20.30,94.10,-,2.50,88.966,0.0,23.56,882.4
72,"2021-04-11,03:45",20.40,94.40,-,0.00,52.0,0.0,23.56,882.4
72,"2021-04-11,04:15",20.10,88.70,-,0.00,177.183,0.0,23.43,882.0
72,"2021-04-11,04:30",20.40,,-,0.00,178.095,0.0,23.43,882.1
72,"2021-04-11,05:15",21.70,87.70,-,2.50,176.0,0.0,23.31,882.3
72,"2021-04-11,05:30",21.70,88.10,-,2.50,176.985,0.0,23.31,882.3
72,"2021-04-11,06:15",20.70,87.70,-,0.00,176.757,0.0,23.12,882.7
72,"2021-04-11,07:15",22.20,84.50,-,0.00,176.757,0.0,23.00,883.3
72,"2021-04-11,08:15",23.00,79.80,0.011784,0.00,178.261,0.0,23.06,884.1
72,"2021-04-11,09:45",25.20,72.40,0.000248,0.00,139.707,0.0,24.06,885.0
72,"2021-04-11,10:00",25.70,71.60,0.022248,2.50,18.095,0.0,24.31,885.0
72,"2021-04-11,10:45",26.40,70.70,0.013248,0.00,262.353,0.0,26.18,885.2
72,"2021-04-11,11:00",27.00,66.10,0.014248,0.00,356.471,0.0,26.50,885.2
72,"2021-04-11,11:30",27.20,69.00,0.021248,7.50,88.711,0.0,27.75,885.0
72,"2021-04-11,11:45",27.10,69.30,0.026248,5.00,48.864,0.0,28.12,885.0
72,"2021-04-11,12:30",27.40,66.70,0.024248,2.50,60.586,0.0,28.50,884.6
72,"2021-04-11,12:45",27.20,65.80,0.021248,7.50,233.48,0.0,28.56,884.6
72,"2021-04-11,13:15",28.20,64.90,0.018248,5.00,297.949,0.0,28.81,884.0
72,"2021-04-11,13:30",27.30,63.30,0.003248,2.50,310.882,0.0,28.93,883.7
72,"2021-04-11,14:15",27.80,63.00,0.015248,2.50,155.0,0.0,29.18,883.0
72,"2021-04-11,15:15",27.00,63.30,0.009248,5.00,232.941,0.0,29.31,882.3
72,"2021-04-11,16:45",25.60,69.20,0.006784,2.50,112.353,0.0,28.87,881.6
72,"2021-04-11,17:00",25.80,69.90,0.030784,2.50,7.941,0.0,28.68,881.7
72,"2021-04-11,17:30",25.20,69.60,0.014784,2.50,50.588,0.0,28.25,882.1
72,"2021-04-11,17:45",24.90,71.30,0.010784,0.00,74.118,0.0,28.12,882.0
72,"2021-04-11,18:45",23.60,76.20,0.001320,0.00,82.222,0.0,27.12,882.1
72,"2021-04-11,19:00",23.50,76.50,0.029856,0.00,116.803,0.0,27.06,882.2
72,"2021-04-11,19:30",22.70,79.50,0.001000,0.00,289.434,0.0,26.43,882.0
72,"2021-04-11,19:45",22.90,78.80,-,0.00,300.0,0.0,26.25,882.2
72,"2021-04-11,20:30",22.60,80.10,-,0.00,73.487,0.0,25.75,883.4
72,"2021-04-11,21:15",22.30,83.20,-,0.00,98.75,0.0,25.37,883.9
72,"2021-04-11,21:30",22.10,84.20,-,0.00,98.75,0.0,25.31,883.9
72,"2021-04-11,22:15",21.80,86.70,-,0.00,98.577,0.0,25.00,884.5
72,"2021-04-11,23:45",22.20,85.20,-,0.00,112.794,0.0,24.62,884.4
72,"2021-04-12,01:15",21.30,87.80,-,0.00,122.979,0.0,24.18,883.7
72,"2021-04-12,01:30",21.30,86.10,-,0.00,124.206,0.0,24.18,883.6
72,"2021-04-12,02:15",21.90,84.70,-,0.00,122.731,0.8,24.00,883.4
72,"2021-04-12,03:45",19.80,90.50,-,0.00,212.864,0.8,23.68,883.0
72,"2021-04-12,04:30",20.50,91.30,-,0.00,178.058,0.8,23.43,883.0
72,"2021-04-12,04:45",20.40,91.10,-,0.00,177.073,0.8,23.43,883.1
72,"2021-04-12,05:15",21.10,86.90,0.001000,2.50,175.918,0.8,23.31,883.6
72,"2021-04-12,05:30",21.00,87.60,-,0.0,176.923,0.8,23.31,883.6
72,"2021-04-12,06:15",21.40,85.00,0.001000,2.50,177.778,0.8,23.25,884.2
72,"2021-04-12,07:15",21.50,80.30,0.001000,2.50,177.778,0.8,23.12,884.2
72,"2021-04-12,07:30",21.30,80.90,0.001000,2.50,177.826,0.8,23.12,884.3
72,"2021-04-12,08:15",22.30,77.50,0.026784,0.00,6.446,0.8,23.25,885.2
72,"2021-04-12,10:15",25.70,70.60,0.006248,2.50,21.328,0.8,25.50,886.3
72,"2021-04-12,11:15",26.60,66.30,0.015248,2.50,118.745,0.8,26.93,886.4
72,"2021-04-12,12:30",28.10,67.60,0.011248,2.50,347.407,0.8,29.18,885.4
72,"2021-04-12,12:45",27.60,64.20,0.023784,0.00,245.683,0.8,29.25,885.3
72,"2021-04-12,14:15",28.30,62.50,0.014248,2.50,77.059,0.8,30.25,883.7
72,"2021-04-12,14:30",28.90,60.60,0.014248,5.00,257.941,0.8,30.31,883.6
72,"2021-04-12,15:15",27.60,62.00,0.010248,0.00,353.529,0.8,30.50,882.8
72,"2021-04-12,16:15",25.80,67.00,-,-,-,0.8,30.06,882.1
72,"2021-04-12,16:30",25.70,67.80,-,-,-,0.8,29.81,882.1
72,"2021-04-12,16:45",25.60,66.60,-,-,-,0.8,29.81,882.0
72,"2021-04-12,17:15",24.80,70.90,0.019784,0.00,195.385,0.8,29.18,881.7
72,"2021-04-12,17:30",25.00,70.20,0.012784,2.50,277.436,0.8,29.06,881.9
72,"2021-04-12,18:30",23.70,74.90,0.027320,0.00,207.941,0.8,28.18,881.8
72,"2021-04-12,19:15",23.10,77.70,0.020000,0.00,30.936,0.8,27.37,882.3
72,"2021-04-12,19:30",23.10,75.70,0.001000,0.00,44.662,0.8,27.25,882.3
72,"2021-04-12,20:15",22.80,77.70,-,0.00,78.084,0.8,26.62,882.7
72,"2021-04-12,21:30",0.00,74.90,-,0.00,138.431,0.8,25.81,884.1
72,"2021-04-12,21:45",22.90,74.50,-,0.00,138.103,0.8,25.68,884.6
72,"2021-04-12,22:00",23.00,74.00,-,0.00,150.751,0.8,25.68,884.6
72,"2021-04-12,22:30",22.90,76.60,-,0.00,208.8,0.8,25.37,884.8
72,"2021-04-12,23:15",22.30,81.10,-,0.00,248.293,0.8,25.12,884.7
72,"2021-04-12,23:30",22.10,82.60,-,0.00,246.667,0.8,25.12,884.6
72,"2021-04-13,00:15",22.60,81.50,-,0.00,276.667,0.8,24.87,884.5
72,"2021-04-13,04:15",18.50,93.80,0.001000,5.00,177.959,0.0,22.56,885.0
72,"2021-04-13,05:15",18.10,93.60,0.001000,2.50,176.648,0.0,22.18,885.3
72,"2021-04-13,06:15",18.00,93.70,-,-,-,0.0,21.87,885.5
72,"2021-04-13,06:30",18.10,93.50,-,-,-,0.0,21.87,885.5
72,"2021-04-13,07:15",18.00,95.50,-,-,-,0.0,21.81,886.7
72,"2021-04-13,07:30",18.10,96.50,-,-,-,0.0,21.81,886.8
72,"2021-04-13,08:30",18.30,95.40,0.001000,0.00,178.919,0.0,21.81,886.7
72,"2021-04-13,09:30",19.30,92.50,0.031784,0.00,14.188,0.0,21.93,887.1
72,"2021-04-13,10:30",21.20,84.30,0.014248,2.50,309.412,0.0,22.31,887.1
72,"2021-04-13,11:15",23.20,71.40,0.000248,2.50,43.004,0.0,23.62,887.4
72,"2021-04-13,11:30",23.10,70.80,0.000248,2.50,265.294,0.0,23.75,887.3
72,"2021-04-13,12:15",23.70,68.60,-,-,-,0.0,24.31,887.1
72,"2021-04-13,14:15",26.00,61.10,0.022248,2.50,134.182,0.0,26.00,885.4
72,"2021-04-13,15:15",26.00,65.90,0.030784,2.50,190.145,0.0,26.50,884.4
72,"2021-04-13,17:30",24.60,68.30,0.029784,2.50,156.173,0.0,26.06,883.4
72,"2021-04-13,17:45",23.90,69.30,0.011784,2.50,104.188,0.0,25.93,883.4
72,"2021-04-13,18:00",23.70,70.30,0.009784,2.50,125.848,0.0,25.93,883.4
72,"2021-04-13,18:30",22.40,74.80,0.030320,2.50,78.909,0.0,25.50,883.4
72,"2021-04-13,18:45",22.20,75.90,0.021320,0.00,83.273,0.0,25.43,883.3
72,"2021-04-13,19:30",20.70,80.50,-,0.00,286.767,0.0,24.75,884.0
72,"2021-04-13,19:45",20.70,80.10,-,0.00,285.263,0.0,24.75,884.1
72,"2021-04-13,20:15",20.20,83.20,-,0.00,289.579,0.0,24.31,884.5
72,"2021-04-13,20:30",20.00,85.20,-,0.00,289.231,0.0,24.25,884.7
72,"2021-04-13,21:15",20.10,84.20,-,0.00,289.375,0.0,23.81,885.6
72,"2021-04-13,22:45",19.40,88.10,-,0.00,305.203,0.0,23.12,886.4
72,"2021-04-13,23:30",19.50,87.10,-,0.00,305.0,0.0,22.87,886.5
72,"2021-04-13,23:45",0.00,89.70,-,0.00,304.37,0.0,22.81,886.6
72,"2021-04-14,00:15",19.30,88.10,-,0.00,305.862,0.0,22.62,886.4
72,"2021-04-14,00:30",19.00,91.60,-,0.00,305.217,0.0,22.56,886.4
72,"2021-04-14,01:15",18.80,94.30,-,0.00,306.457,2.4000000000000004,22.50,886.1
72,"2021-04-14,02:45",18.40,92.20,-,0.00,178.058,2.4000000000000004,22.18,884.9
72,"2021-04-14,03:00",18.50,91.30,-,0.00,177.073,2.4000000000000004,22.18,884.9
72,"2021-04-14,03:30",18.70,90.30,-,0.00,177.938,2.4000000000000004,22.12,884.8
72,"2021-04-14,04:30",18.30,91.90,-,-,-,2.4000000000000004,21.93,884.6
72,"2021-04-14,05:45",18.40,94.20,-,-,-,2.4000000000000004,21.81,884.4
72,"2021-04-14,06:00",18.50,93.60,-,-,-,2.4000000000000004,21.81,884.5
72,"2021-04-14,07:15",19.20,91.20,-,-,-,2.4000000000000004,21.81,885.5
72,"2021-04-14,08:15",-,-,-,-,-,2.4000000000000004,22.06,885.8
72,"2021-04-14,09:15",22.60,79.90,-,-,-,2.4000000000000004,22.62,886.4
72,"2021-04-14,09:45",24.80,76.90,0.017248,0.00,111.884,2.4000000000000004,23.62,886.1
72,"2021-04-14,10:00",25.10,76.10,0.015248,5.00,179.273,2.4000000000000004,24.12,886.0
72,"2021-04-14,10:45",25.70,71.30,0.016248,5.00,300.0,2.4000000000000004,25.68,885.8
72,"2021-04-14,11:30",27.20,67.90,0.018248,0.00,77.455,2.4000000000000004,27.12,885.4
72,"2021-04-14,11:45",27.00,64.30,0.017248,2.50,161.818,2.4000000000000004,27.37,885.4
72,"2021-04-14,12:15",28.70,66.10,0.024248,5.00,150.182,2.4000000000000004,27.81,885.1
72,"2021-04-14,12:30",27.30,65.40,0.025248,2.50,94.909,2.4000000000000004,27.81,884.9
72,"2021-04-14,13:15",26.70,64.20,0.004784,5.00,263.636,2.4000000000000004,28.06,884.5
72,"2021-04-14,13:30",28.20,60,0.028248,2.50,122.029,2.4000000000000004,28.12,884.5
72,"2021-04-14,14:15",27.70,60.60,0.020248,5.00,69.855,2.4000000000000004,28.00,883.9
72,"2021-04-14,15:15",28.50,63.40,0.014248,5.00,94.909,2.4000000000000004,28.75,882.7
72,"2021-04-14,16:15",24.80,72.40,0.002248,2.50,159.061,2.4000000000000004,29.18,882.2
72,"2021-04-14,16:30",26.40,66.40,0.003248,0.00,159.061,2.4000000000000004,29.12,882.2
72,"2021-04-14,18:15",24.10,76.80,0.017320,0.00,299.414,2.4000000000000004,27.12,881.8
72,"2021-04-14,19:15",22.90,78.90,0.021000,0.00,159.623,2.4000000000000004,25.93,882.1
72,"2021-04-14,20:45",22.50,79.60,-,0.00,184.688,2.4000000000000004,24.81,883.4
72,"2021-04-14,21:00",22.70,76.60,-,0.00,184.688,2.4000000000000004,24.81,883.5
72,"2021-04-14,21:30",22.10,78.80,-,0.00,183.953,2.4000000000000004,24.50,883.5
72,"2021-04-14,21:45",21.30,81.10,-,0.00,185.578,2.4000000000000004,24.31,883.6
72,"2021-04-14,22:15",21.60,79.30,-,0.00,184.839,2.4000000000000004,24.06,884.2
72,"2021-04-14,22:30",21.70,80.80,-,0.00,185.668,2.4000000000000004,24.00,884.2
72,"2021-04-14,23:15",20.40,89.30,-,0.00,195.0,2.4000000000000004,23.50,884.5
72,"2021-04-15,01:30",20.60,91.40,-,0.00,208.571,2.4000000000000004,22.81,883.7
72,"2021-04-15,01:45",20.70,91.60,-,0.00,209.907,2.4000000000000004,22.81,883.8
72,"2021-04-15,02:30",20.60,91.60,-,0.00,178.095,0.0,22.62,883.5
72,"2021-04-15,03:15",20.30,93.30,-,0.00,177.959,0.0,22.43,883.1
72,"2021-04-15,03:30",20.50,91.70,-,0.00,176.859,0.0,22.43,883.2
72,"2021-04-15,04:15",20.80,92.50,-,-,-,0.0,22.43,883.3
72,"2021-04-15,07:30",22.70,86.70,0.012784,0.00,177.073,0.0,22.12,884.2
72,"2021-04-15,07:45",23.90,80.60,0.003784,2.50,175.349,0.0,22.31,884.4
72,"2021-04-15,08:00",23.90,80.30,0.000784,0.00,176.364,0.0,22.31,884.5
72,"2021-04-15,08:45",0.00,-,0.030784,2.50,285.882,0.0,23.56,885.0
72,"2021-04-15,09:45",25.60,72.80,-,-,-,0.0,25.18,885.4
72,"2021-04-15,10:00",25.40,72.50,-,-,-,0.0,25.18,885.4
72,"2021-04-15,10:45",27.90,65.10,0.013248,0.00,312.601,0.0,26.62,885.5
72,"2021-04-15,11:45",28.20,64.60,0.018248,5.00,266.131,0.0,27.93,885.4
72,"2021-04-15,12:00",28.20,63.00,0.018248,5.00,158.102,0.0,28.43,885.1
72,"2021-04-15,13:15",28.50,63.50,0.019248,2.50,286.569,0.0,30.62,883.7
72,"2021-04-15,14:15",28.00,63.50,-,-,-,0.0,31.93,882.8
72,"2021-04-15,14:30",27.60,63.50,-,-,-,0.0,32.00,882.7
72,"2021-04-15,15:15",28.70,64.50,0.011248,5.00,233.48,0.0,32.50,881.9
72,"2021-04-15,16:15",24.60,73.20,-,-,-,0.0,30.75,882.2
72,"2021-04-15,16:30",24.30,73.80,-,-,-,0.0,30.25,881.7
72,"2021-04-15,17:15",24.20,72.10,-,-,-,0.0,28.62,881.5
72,"2021-04-15,17:30",22.70,77.90,-,-,-,0.0,28.31,881.7
72,"2021-04-15,18:15",22.40,79.40,0.027320,0.00,222.697,0.0,27.31,881.4
72,"2021-04-15,18:30",22.50,80.20,0.018320,0.00,223.019,0.0,27.18,881.3
72,"2021-04-15,19:15",22.90,79.30,0.004000,0.00,238.915,0.0,26.37,881.5
72,"2021-04-15,19:30",22.80,79.50,0.002000,0.00,240.465,0.0,26.31,881.5
72,"2021-04-15,20:15",22.50,81.50,-,2.50,266.614,0.0,25.50,881.9
72,"2021-04-15,21:45",22.40,83.30,-,0.00,326.341,0.0,24.62,883.5
72,"2021-04-15,22:00",22.60,82.40,-,0.00,322.857,0.0,24.62,883.5
72,"2021-04-15,22:30",22.20,84.70,-,0.00,21.494,0.0,24.43,883.8
72,"2021-04-15,22:45",22.50,83.80,-,0.00,30.0,0.0,24.31,883.7
72,"2021-04-15,23:15",22.60,84.40,-,0.00,95.745,0.0,24.12,883.9
72,"2021-04-15,23:30",22.80,84.00,-,0.00,117.931,0.0,24.06,884.1
72,"2021-04-16,00:15",23.20,83.30,-,2.50,-,0.0,23.93,884.0
72,"2021-04-16,00:30",23.20,83.10,-,0.00,24.248,0.0,23.87,884.1
72,"2021-04-16,01:15",22.40,85.60,-,0.00,99.816,0.0,23.81,883.9
72,"2021-04-16,02:45",21.70,87.20,-,0.00,177.959,0.0,23.50,883.1
72,"2021-04-16,03:00",21.70,87.30,-,0.00,175.918,0.0,23.50,883.1
72,"2021-04-16,03:30",21.10,90.20,-,0.00,177.778,0.0,23.25,882.7
72,"2021-04-16,04:45",20.50,92.40,-,-,-,0.0,23.00,882.5
72,"2021-04-16,05:00",20.70,91.10,-,-,-,0.0,22.93,882.5
72,"2021-04-16,06:15",20.80,92.50,-,-,-,0.0,22.68,883.1
72,"2021-04-16,07:15",21.30,89.90,-,-,-,0.0,22.62,883.5
72,"2021-04-16,07:30",21.50,89.10,-,-,-,0.0,22.62,883.6
72,"2021-04-16,08:15",24.10,78.30,-,-,-,0.0,23.12,884.1
72,"2021-04-16,08:30",24.50,76.60,-,-,-,0.0,23.37,884.4
72,"2021-04-16,09:15",26.30,75.10,0.005248,2.50,186.452,0.0,24.87,884.7
72,"2021-04-16,09:30",25.00,79.70,0.004248,0.00,209.457,0.0,25.31,884.9
72,"2021-04-16,10:15",28.20,67.20,0.012248,0.00,76.703,0.0,26.68,884.8
72,"2021-04-16,10:30",27.00,69.80,0.011248,5.00,106.007,0.0,27.18,884.8
72,"2021-04-16,11:15",25.60,75.10,0.021784,0.00,98.681,0.0,27.56,884.6
72,"2021-04-16,11:30",24.10,81.40,-,0.00,191.765,0.0,27.37,884.8
72,"2021-04-16,14:15",21.20,82.10,0.007784,0.00,94.717,0.0,25.18,883.5
72,"2021-04-16,16:15",25.40,73.10,-,-,-,0.0,25.37,881.2
72,"2021-04-16,16:30",25.20,75.50,-,-,-,0.0,25.50,880.9
72,"2021-04-16,17:15",25.00,75.10,0.019784,0.00,362.353,0.0,25.56,881.0
72,"2021-04-16,17:30",-,75.50,0.016784,0.00,362.353,0.0,25.56,881.2
72,"2021-04-16,18:15",24.00,76.70,-,-,-,0.0,25.06,881.2
72,"2021-04-16,19:15",22.50,83.30,0.006000,0.00,310.98,0.0,24.31,881.7
72,"2021-04-16,19:30",22.50,84.00,0.001000,0.00,310.709,0.0,24.25,882.0
72,"2021-04-16,20:45",21.90,86.50,-,0.00,310.864,0.0,23.56,883.1
72,"2021-04-16,21:00",21.70,87.70,-,0.00,310.579,0.0,23.43,883.0
72,"2021-04-16,21:45",22.10,87.50,-,0.00,109.167,0.0,23.18,883.7
72,"2021-04-16,22:00",22.10,87.30,-,0.00,311.33,0.0,23.12,883.8
72,"2021-04-16,22:30",22.30,86.80,-,0.00,309.204,0.0,23.00,883.6
72,"2021-04-16,22:45",22.00,87.90,-,0.00,310.667,0.0,22.93,883.8
72,"2021-04-16,23:15",21.90,87.90,-,2.50,310.275,0.0,22.81,883.6
72,"2021-04-16,23:30",22.00,87.30,-,0.00,165.185,0.0,22.75,883.6
72,"2021-04-17,00:15",22.30,86.80,-,0.00,176.19,0.0,22.68,883.9
72,"2021-04-17,01:45",21.30,91.70,0.001000,0.00,176.648,0.8,22.62,882.9
72,"2021-04-17,03:15",17.50,93.00,-,-,-,0.8,22.37,883.9
72,"2021-04-17,04:15",18.00,90.20,-,-,-,0.8,21.37,883.7
72,"2021-04-17,04:30",18.00,90.80,-,-,-,0.8,21.37,883.9
72,"2021-04-17,05:15",18.30,94.10,-,-,-,0.8,21.18,884.1
72,"2021-04-17,05:30",18.50,95.30,-,-,-,0.8,21.12,884.2
72,"2021-04-17,05:45",18.40,95.20,-,-,-,0.8,21.18,884.3
72,"2021-04-17,07:45",19.80,91.30,0.010784,0.00,177.959,0.8,21.43,884.2
72,"2021-04-17,08:00",20.50,89.00,0.025784,0.00,176.296,0.8,21.50,884.2
72,"2021-04-17,08:45",23.80,72.50,0.012248,0.00,293.308,0.8,22.62,884.8
72,"2021-04-17,09:45",24.60,68.30,0.008248,2.50,294.074,0.8,24.18,885.0
72,"2021-04-17,10:00",24.80,65.80,0.016248,2.50,294.391,0.8,24.43,885.2
72,"2021-04-17,10:30",24.90,69.80,-,-,-,0.8,25.93,885.2
72,"2021-04-17,10:45",25.40,69.50,-,-,-,0.8,26.43,885.0
72,"2021-04-17,11:45",26.00,69.90,0.005248,0.00,293.235,0.8,27.62,885.1
72,"2021-04-17,12:00",26.60,69.70,0.004248,0.00,86.273,0.8,27.68,885.1
72,"2021-04-17,12:30",28.30,64.30,0.028248,5.00,171.822,0.8,28.75,884.7
72,"2021-04-17,12:45",27.30,64.80,0.020248,2.50,120.741,0.8,29.43,884.6
72,"2021-04-17,13:00",27.40,65.20,0.017248,5.00,74.465,0.8,29.50,884.6
72,"2021-04-17,13:30",27.00,71.10,0.018248,2.50,200.588,0.8,30.68,883.9
72,"2021-04-17,13:45",27.10,67.30,0.017248,2.50,124.118,0.8,30.87,883.8
72,"2021-04-17,14:30",27.20,69.20,0.014248,7.50,233.48,0.8,31.31,883.0
72,"2021-04-17,14:45",27.20,67.60,0.013248,2.50,238.824,0.8,31.25,883.0
72,"2021-04-17,15:15",27.00,71.30,0.008248,2.50,18.095,0.8,31.06,882.4
72,"2021-04-17,15:30",26.90,71.40,-,5.00,338.974,0.8,30.93,882.1
72,"2021-04-17,15:45",27.30,69.90,0.005248,0.00,215.897,0.8,30.75,881.8
72,"2021-04-17,16:30",26.70,69.00,-,-,-,0.8,29.93,881.4
72,"2021-04-17,16:45",27.80,68.40,-,-,-,0.8,29.68,881.2
72,"2021-04-17,17:30",26.40,69.80,0.021784,0.00,107.473,0.8,28.68,881.1
72,"2021-04-17,17:45",25.80,71.30,0.013784,5.00,59.121,0.8,28.31,881.3
72,"2021-04-17,18:00",25.70,72.20,0.005784,5.00,57.372,0.8,28.12,881.4
72,"2021-04-17,18:30",24.20,77.30,0.018320,2.50,7.941,0.8,27.12,881.6
72,"2021-04-17,18:45",23.80,79.20,0.002320,0.00,71.045,0.8,26.75,881.8
72,"2021-04-17,19:30",22.70,83.10,-,0.00,59.693,0.8,25.93,882.8
72,"2021-04-17,19:45",22.60,83.20,-,0.00,61.538,0.8,25.75,882.9
72,"2021-04-17,20:15",22.30,84.80,-,0.00,48.482,0.8,25.25,883.4
72,"2021-04-17,20:30",22.10,85.80,-,0.00,48.75,0.8,25.12,883.3
72,"2021-04-17,21:15",21.90,86.10,-,0.00,64.127,0.8,24.62,883.3
72,"2021-04-17,21:30",21.60,87.40,-,0.00,64.127,0.8,24.62,883.3
72,"2021-04-17,22:15",21.30,89.10,-,0.00,65.484,0.8,24.18,883.2
72,"2021-04-18,00:15",21.40,90.40,-,0.00,55.862,0.8,23.43,883.6
72,"2021-04-18,00:30",21.30,90.90,-,0.00,54.459,0.8,23.43,883.6
72,"2021-04-18,01:15",21.50,91.60,-,2.50,74.222,0.2,23.37,883.6
72,"2021-04-18,02:15",21.10,90.80,-,0.00,339.07,0.2,23.31,882.7
72,"2021-04-18,03:45",20.70,92.00,-,2.50,176.923,0.2,22.93,882.9
72,"2021-04-18,04:00",20.70,92.10,0.001000,0.00,177.938,0.2,22.93,882.8
72,"2021-04-18,04:30",20.60,92.00,-,0.00,177.778,0.2,22.87,882.8
72,"2021-04-18,05:30",20.60,90.60,-,-,-,0.2,22.81,883.4
72,"2021-04-18,05:45",20.50,88.60,-,-,-,0.2,22.75,883.6
72,"2021-04-18,06:00",20.50,86.50,-,-,-,0.2,22.68,883.7
72,"2021-04-18,07:15",20.00,91.10,-,-,-,0.2,22.50,884.5
72,"2021-04-18,09:15",21.70,85.90,-,-,-,0.2,22.87,885.3
72,"2021-04-18,09:30",21.80,84.40,-,-,-,0.2,22.87,885.3
72,"2021-04-18,11:15",26.50,65.60,0.001248,5.00,189.524,0.2,27.31,885.4
72,"2021-04-18,12:15",27.60,62.80,0.018248,2.50,165.294,0.2,29.00,88.0
72,"2021-04-18,13:15",27.60,65.00,0.018248,0.00,35.678,0.2,31.00,884.8
72,"2021-04-18,14:15",28.80,67.10,0.015248,7.50,38.608,0.2,31.75,884.0
72,"2021-04-18,15:15",27.50,67.20,0.009248,5.00,44.469,0.2,31.81,883.1
72,"2021-04-18,16:15",27.80,65.50,-,-,-,0.2,31.25,882.5
72,"2021-04-18,17:00",27.40,65.40,-,-,-,0.2,30.56,882.1
72,"2021-04-18,18:15",0.00,74.60,-,-,-,0.2,28.50,882.6
72,"2021-04-18,19:15",23.30,81.20,0.032000,0.00,7.481,0.2,27.18,883.0
72,"2021-04-18,20:45",22.60,82.80,-,0.00,16.22,0.2,25.62,882.5
72,"2021-04-18,21:00",22.50,83.60,-,0.00,55.889,0.2,25.56,882.6
72,"2021-04-18,21:30",22.10,85.10,-,0.00,53.6,0.2,25.06,883.3
72,"2021-04-18,21:45",22.00,85.80,-,0.00,40.8,0.2,25.00,883.3
72,"2021-04-18,22:15",21.70,87.40,-,0.00,25.714,0.2,24.68,883.6
72,"2021-04-18,22:30",21.90,86.50,-,0.00,51.837,0.2,24.56,883.6
72,"2021-04-18,23:15",21.80,88.60,-,0.00,51.967,0.2,24.31,883.9
72,"2021-04-19,00:15",21.80,88.30,-,0.00,52.727,0.2,24.12,883.9
72,"2021-04-19,01:30",22.10,88.20,-,0.00,53.059,0.0,23.93,883.3
72,"2021-04-19,01:45",22.20,87.10,-,0.00,51.889,0.0,23.93,883.0
72,"2021-04-19,02:15",0.00,89.10,-,0.00,52.038,0.0,23.87,882.8
72,"2021-04-19,03:15",21.20,91.10,-,0.00,177.015,0.0,23.68,882.5
72,"2021-04-19,03:30",21.00,92.20,-,0.00,177.98,0.0,23.62,882.5
72,"2021-04-19,04:15",20.90,92.60,-,0.00,177.778,0.0,23.37,882.3
72,"2021-04-19,05:15",21.60,91.60,-,-,-,0.0,23.37,882.9
72,"2021-04-19,05:30",20.20,88.10,-,-,-,0.0,23.37,883.2
72,"2021-04-19,05:45",20.10,88.60,-,-,-,0.0,23.37,883.3
72,"2021-04-19,06:30",17.40,93.30,-,-,-,0.0,19.87,884.3
72,"2021-04-19,06:45",17.50,92.70,-,-,-,0.0,19.87,884.1
72,"2021-04-19,07:30",18.00,92.70,-,-,-,0.0,20.12,884.6
72,"2021-04-19,07:45",18.10,92.70,-,-,-,0.0,20.12,884.6
72,"2021-04-19,08:00",18.10,92.80,-,-,-,0.0,20.12,884.6
72,"2021-04-19,09:15",18.90,91.10,-,-,-,0.0,20.43,886.0
72,"2021-04-19,09:45",128.8,-,0.005784,0.00,177.333,0.0,20.81,886.2
72,"2021-04-19,10:00",19.30,0.00,0.006784,0.00,177.333,0.0,20.81,886.3
72,"2021-04-19,11:30",20.80,89.50,0.004248,0.00,171.941,0.0,21.62,886.0
72,"2021-04-19,11:45",20.90,87.80,0.008248,0.00,182.198,0.0,22.00,885.6
72,"2021-04-19,12:15",24.30,70.30,0.016248,2.50,208.571,0.0,24.00,885.2
72,"2021-04-19,12:30",24.70,67.50,0.010248,0.00,207.106,0.0,24.43,885.1
72,"2021-04-19,13:15",25.50,63.10,0.013248,0.00,179.267,0.0,26.37,884.3
72,"2021-04-19,14:15",26.80,65.20,0.012248,0.00,108.938,0.0,28.50,883.4
72,"2021-04-19,14:30",26.20,63.70,0.012248,2.50,127.985,0.0,28.43,883.2
72,"2021-04-19,16:15",24.10,74.30,0.006784,2.50,357.86,0.0,27.75,882.1
72,"2021-04-19,17:15",25.70,68.30,0.011784,0.00,18.095,0.0,26.81,881.7
72,"2021-04-21,09:45",23.70,70.10,-,-,-,0.0,23.12,886.2
72,"2021-04-21,10:00",24.40,70.10,-,-,-,0.0,23.25,886.1
72,"2021-04-21,10:45",24.50,71.10,-,-,-,0.0,24.18,886.3
72,"2021-04-21,11:00",0.00,66.60,-,-,-,0.0,24.37,886.3
72,"2021-04-21,11:45",25.40,66.70,0.002248,2.50,18.095,0.0,25.50,886.3
72,"2021-04-21,12:00",25.90,67.30,0.022248,0,18.095,0.0,25.75,886.2
72,"2021-04-21,13:30",26.70,69.10,0.019248,2.50,18.095,0.0,29.50,884.5
72,"2021-04-21,13:45",26.70,69.60,0.020248,2.50,40.073,0.0,29.68,884.2
72,"2021-04-21,14:30",26.60,69.00,0.016248,2.50,50.33,0.0,29.75,883.6
72,"2021-04-21,16:30",26.40,70.70,-,-,-,0.0,28.93,882.3
72,"2021-04-21,16:45",25.70,69.60,-,-,-,0.0,28.68,882.0
72,"2021-04-21,17:00",25.80,69.00,-,-,-,0.0,28.68,882.0
72,"2021-04-21,17:30",24.60,74.90,0.014784,0,91.765,0.0,27.87,882.1
72,"2021-04-21,17:45",24.40,73.10,0.010784,0.00,165.294,0.0,27.75,882.1
72,"2021-04-21,18:30",23.40,77.4,0.011320,0,37.795,0.0,26.62,882.7
72,"2021-04-21,18:45",23.30,77.80,0.000320,5.00,34.962,0.0,26.50,882.7
72,"2021-04-21,19:30",22.30,81.90,0.001000,0,28.438,0.0,25.68,883.5
72,"2021-04-21,21:15",21.70,84.20,-,0,28.583,0.0,24.43,884.2
72,"2021-04-21,22:45",21.50,85.20,-,0,36.41,0.0,23.68,885.3
72,"2021-04-21,23:00",21.70,84.80,-,0,37.143,0.0,23.68,885.3
72,"2021-04-21,23:30",21.30,86.20,-,0.00,34.386,0.0,23.56,885.3
72,"2021-04-21,23:45",21.30,85.90,-,0,34.386,0.0,23.56,885.2
72,"2021-04-22,00:15",21.70,82.70,-,0,25.249,0.0,23.31,884.9
72,"2021-04-22,00:30",21.80,81.60,-,0,32.727,0.0,23.31,884.9
72,"2021-04-22,01:15",22.20,82.60,-,0.00,61.905,0.0,23.12,884.8
72,"2021-04-22,01:30",22.30,8,-,0,54.286,0.0,23.12,884.7
72,"2021-04-22,02:15",22.90,80.10,-,2.50,177.073,0.0,23.06,884.1
72,"2021-04-22,03:45",21.80,81.70,-,-,-,0.0,22.75,883.9
72,"2021-04-22,04:00",21.80,81.90,-,-,-,0.0,22.75,883.9
72,"2021-04-22,07:30",22.60,79.20,0.001000,0,178.93,0.0,22.31,885.3
72,"2021-04-22,08:30",25.30,72.80,0.000248,0,17.5,0.0,23.00,885.7
72,"2021-04-22,09:15",26.00,66.90,0.005248,2.50,34.212,0.0,24.56,886.4
72,"2021-04-22,09:30",26.40,66.50,0.003248,2.50,352.059,0.0,24.62,886.3
72,"2021-04-22,10:15",26.60,67.70,0.002248,0.00,57.941,0.0,25.93,886.6
72,"2021-04-22,10:30",26.70,65.70,0.018248,2.50,22.491,0.0,26.37,886.6
72,"2021-04-22,11:15",26.70,69.20,0.014248,5.00,22.647,0.0,28.12,886.5
72,"2021-04-22,11:30",26.80,71.80,0.025248,0,47.399,0.0,28.37,886.4
72,"2021-04-22,12:15",27.00,69.50,0.022248,7.50,25.421,0.0,30.12,885.9
72,"2021-04-22,13:15",27.40,69.20,0.008248,0.00,35.678,0.0,30.43,884.8
72,"2021-04-22,14:15",27.40,71.30,0.016248,2.50,355.092,0.0,30.81,883.9
72,"2021-04-22,16:15",25.40,75.90,-,-,-,0.0,28.37,882.3
72,"2021-04-22,17:15",24.50,75.50,0.012784,0,347.407,0.0,27.81,882.3
72,"2021-04-22,18:15",0.00,77.90,0.027320,0,352.519,0.0,26.68,882.7
72,"2021-04-22,19:15",22.90,-,0.024464,0,38.039,0.0,25.87,882.7
72,"2021-04-22,20:45",22.60,83.00,0.001000,0,33.659,0.0,25.06,884.7
72,"2021-04-22,21:30",22.40,86.20,0.001000,0,35.0,0.0,24.75,885.0
72,"2021-04-22,21:45",22.30,87.20,-,0,35.23,0.0,24.75,885.0
72,"2021-04-22,22:15",22.10,86.90,0.001000,2.50,349.099,0.0,24.50,884.9
72,"2021-04-22,22:30",21.90,88.10,0.001000,0.00,354.026,0.0,24.37,885.1
72,"2021-04-22,23:15",21.30,88.70,-,2.50,21.071,0.0,24.06,885.3
72,"2021-04-23,00:45",20.70,81.80,-,2.50,178.095,0.0,23.56,884.4
72,"2021-04-23,01:00",20.80,81.70,-,0,177.129,0.0,23.50,884.5
72,"2021-04-23,01:30",20.50,82.40,-,0,177.959,0.0,23.31,884.1
72,"2021-04-23,01:45",20.60,80.80,0.001000,0,177.938,0.0,23.25,883.9
72,"2021-04-23,02:15",20.30,80.80,-,-,-,0.0,23.06,882.8
72,"2021-04-23,02:30",20.00,83.80,-,-,-,0.0,22.93,882.7
72,"2021-04-23,02:45",19.90,84.30,-,-,-,0.0,22.93,882.7
72,"2021-04-23,03:30",19.60,89.90,-,-,-,0.0,22.62,882.4
72,"2021-04-23,03:45",19.50,90.90,-,-,-,0.0,22.62,882.6
72,"2021-04-23,04:45",20.20,90.50,-,-,-,0.0,22.56,882.8
72,"2021-04-23,05:00",20.30,91.40,-,-,-,0.0,22.56,882.9
72,"2021-04-23,06:15",0.00,89.80,-,-,-,0.0,22.62,883.2
72,"2021-04-23,07:15",0.00,-,-,-,-,0.0,22.50,884.0
72,"2021-04-23,09:15",0.00,-,0.027784,0,27.347,0.0,23.00,885.5
72,"2021-04-23,11:15",26.40,68.20,0.025248,2.50,353.529,0.0,26.31,885.2
72,"2021-04-23,12:45",26.50,65.70,0.007248,2.50,23.956,0.0,30.12,884.1
72,"2021-04-23,13:00",26.50,65.30,0.021248,5.00,25.421,0.0,30.25,884.1
72,"2021-04-23,13:30",26.70,63.50,0.018248,2.50,6.374,0.0,31.12,883.5
72,"2021-04-23,13:45",26.90,63.60,0.018248,2.50,352.059,0.0,31.37,883.2
72,"2021-04-23,14:30",26.80,65.50,0.015248,7.50,21.026,0.0,31.62,882.2
72,"2021-04-23,14:45",27.50,68.50,0.015248,5.00,22.491,0.0,31.68,882.0
72,"2021-04-23,15:45",27.10,65.60,0.003248,5.00,22.491,0.0,31.31,880.9
72,"2021-04-23,16:45",26.60,66.20,-,-,-,0.0,30.25,880.5
72,"2021-04-23,17:00",26.80,65.90,-,-,-,0.0,30.18,880.5
72,"2021-04-23,18:30",24.20,74.60,0.012320,0,53.134,0.0,27.81,880.7
72,"2021-04-23,18:45",23.90,74.50,0.001320,0,29.438,0.0,27.56,880.9
72,"2021-04-23,19:30",23.10,79.00,0.001000,0,35.814,0.0,26.62,882.1
72,"2021-04-23,19:45",22.80,80.10,-,0,31.362,0.0,26.56,882.3
72,"2021-04-23,20:30",22.60,82.80,0.001000,0,24.269,0.0,25.87,882.1
72,"2021-04-23,21:15",22.60,84.80,0.001000,0,354.194,0.0,25.37,883.0
72,"2021-04-23,21:30",22.70,84.30,0.001000,2.50,21.6,0.0,25.37,883.1
72,"2021-04-23,22:15",22.40,83.30,0.002000,0.00,14.286,0.0,25.00,884.1
72,"2021-04-23,23:45",20.80,85.60,0.001000,0,63.117,0.0,24.00,884.5
72,"2021-04-24,00:30",20.50,85.80,0.001000,0,208.571,0.0,23.81,883.7
72,"2021-04-24,00:45",20.40,86.50,0.001000,0,209.596,0.0,23.81,883.7
72,"2021-04-24,01:15",20.30,87.90,0.001000,0,215.185,0.0,23.68,883.0
72,"2021-04-24,01:30",20.30,86.60,0.001000,0,214.419,0.0,23.62,882.9
72,"2021-04-24,02:15",20.60,83.80,-,0,177.129,0.0,23.56,882.5
72,"2021-04-24,03:45",20.20,86.10,-,0,177.778,0.0,23.31,881.4
72,"2021-04-24,05:00",20.30,85.60,-,-,-,0.0,23.12,881.7
72,"2021-04-24,06:15",19.70,93.30,-,-,-,0.0,23.00,882.3
72,"2021-04-24,07:15",20.00,93.20,-,-,-,0.0,22.93,882.9
72,"2021-04-24,08:30",0.00,-,0.013784,0,176.364,0.0,23.00,884.0
72,"2021-04-24,09:15",23.20,82.50,-,-,-,0.0,23.62,884.5
72,"2021-04-24,09:30",23.20,80.30,-,-,-,0.0,23.93,884.4
72,"2021-04-24,10:30",25.10,71.60,0.005248,5.00,362.545,0.0,25.00,884.3
72,"2021-04-24,11:30",25.80,60.90,0.000248,2.50,362.545,0.0,26.81,883.9
72,"2021-04-24,11:45",26.60,63.20,0.002248,2.50,362.545,0.0,26.87,883.9
72,"2021-04-24,12:30",26.50,64.70,0.014248,5.00,362.545,0.0,27.56,883.4
72,"2021-04-24,12:45",26.60,65.30,0.019248,5.00,362.545,0.0,27.62,883.3
72,"2021-04-24,14:15",27.70,70.30,0.014248,2.50,362.545,0.0,30.12,881.6
72,"2021-04-24,15:15",27.40,71.30,0.016248,2.50,362.545,0.0,30.18,880.5
72,"2021-04-24,15:30",28.10,69.60,0.006248,0.00,362.545,0,30.18,-
72,"2021-04-24,17:30",25.40,73.30,0.003784,2.50,56.19,0.0,28.56,879.7
72,"2021-04-24,18:30",23.80,77.60,0.011320,0,56.981,0.0,27.12,880.2
72,"2021-04-24,19:30",23.00,83.10,0.003000,0,56.563,0,26.18,-
72,"2021-04-24,20:15",22.30,87.10,0.001000,0,57.778,0.0,25.56,881.7
72,"2021-04-24,21:45",22.20,87.10,0.001000,0.00,57.366,0.0,24.75,882.7
72,"2021-04-24,22:00",22.00,87.70,0.001000,0,57.686,0.0,24.68,882.8
72,"2021-04-24,22:30",21.10,92.40,0.002000,0,57.966,0.0,24.37,883.2
72,"2021-04-24,22:45",21.40,90.40,0.002000,0,58.298,0.0,24.31,883.5
72,"2021-04-24,23:30",21.40,91.10,0.001000,0,57.193,0.0,24.00,883.7
72,"2021-04-25,00:15",21.70,89.30,0.001000,0,57.828,0.0,23.75,883.1
72,"2021-04-25,00:30",21.70,89.30,0.001000,0,-,0.0,23.75,883.1
72,"2021-04-25,01:15",21.80,89.50,0.001000,0,56.636,0.2,23.56,882.7
72,"2021-04-25,02:00",22.20,86.20,0.001000,0,177.129,0.2,23.62,882.0
72,"2021-04-25,02:45",22.30,84.30,0.001000,0,177.959,0.2,23.56,882.0
72,"2021-04-25,03:30",21.70,87.90,0.002000,0,176.685,0.2,23.56,881.3
72,"2021-04-25,04:45",22.10,86.90,-,-,-,0.2,23.56,881.6
72,"2021-04-25,10:30",18.90,92.10,0.002784,0.00,178.095,0.2,21.31,887.4
72,"2021-04-25,11:30",19.40,89.70,-,-,-,0.2,21.62,887.1
72,"2021-04-25,11:45",19.50,90.20,-,-,-,0.2,21.68,887.1
72,"2021-04-25,12:45",0.00,83.10,-,-,-,0.2,22.50,885.9
72,"2021-04-25,13:45",22.00,78.10,0.006248,0,149.444,0.2,23.62,884.6
72,"2021-04-25,14:30",24.30,68.00,0.017248,0,148.056,0.2,24.56,883.3
72,"2021-04-25,15:15",24.10,71.20,0.002248,0,37.143,0.2,25.50,883.0
72,"2021-04-25,18:30",22.20,80.30,0.017320,0,38.915,0.2,24.75,883.6
72,"2021-04-25,18:45",21.90,81.20,0.000320,0,39.608,0.2,24.68,883.7
72,"2021-04-25,19:30",20.70,85.10,0.001000,0,38.065,0.2,24.12,883.9
72,"2021-04-25,20:15",20.60,86.30,0.001000,0,140.554,0.2,23.68,884.1
72,"2021-04-25,21:45",19.70,91.50,0.002000,0,38.929,0.2,22.87,885.4
72,"2021-04-25,22:45",19.20,92.90,0.002000,0.00,37.674,0.2,22.43,885.8
72,"2021-04-25,23:00",19.20,92.80,0.002000,0,37.944,0.2,22.43,885.9
72,"2021-04-25,23:30",18.90,93.80,0.002000,0,178.095,0.2,22.25,885.9
72,"2021-04-25,23:45",18.90,93.70,0.002000,0,178.077,0.2,22.18,886.0
72,"2021-04-26,00:15",18.60,94.70,0.002000,0,178.985,0.2,22.06,885.8
72,"2021-04-26,00:30",18.60,94.80,0.002000,0,177.938,0.2,22.00,885.8
72,"2021-04-26,01:15",18.90,92.30,-,-,-,0.2,21.75,885.6
72,"2021-04-26,01:30",18.90,91.90,-,-,-,0.2,21.75,885.6
72,"2021-04-26,02:15",18.20,94.90,-,-,-,0.2,21.62,884.7
72,"2021-04-26,02:30",18.10,96.20,-,-,-,0.2,21.56,884.7
72,"2021-04-26,03:30",18.40,93.30,-,-,-,0.2,21.37,884.3
72,"2021-04-26,03:45",18.40,92.50,-,-,-,0.2,21.37,884.4
72,"2021-04-26,04:30",18.10,95.60,-,-,-,0.2,21.18,884.4
72,"2021-04-26,04:45",18.20,94.80,-,-,-,0.2,21.18,884.5
72,"2021-04-26,05:00",18.00,95.90,-,-,-,0.2,21.12,884.5
72,"2021-04-26,06:15",18.20,93.20,-,-,-,0.2,21.00,884.9
72,"2021-04-26,07:15",0.00,-,-,-,-,0.2,21.06,885.6
72,"2021-04-26,07:30",0.00,-,-,-,-,0.2,21.06,885.7
72,"2021-04-26,08:15",20.60,82.90,0.030784,0,177.425,0.2,21.43,886.3
72,"2021-04-26,09:15",24.30,71.00,0.015248,0,363.142,0.2,22.37,886.7
72,"2021-04-26,10:15",25.50,71.50,0.012248,0,362.222,0.2,25.18,886.7
72,"2021-04-26,11:30",26.80,59.70,0.015248,2.50,362.222,0.2,28.62,886.6
72,"2021-04-26,11:45",27.30,60.30,0.017248,5.00,362.222,0.2,28.87,886.5
72,"2021-04-26,12:15",26.50,58.50,0.019248,7.50,362.288,0.2,29.50,886.1
72,"2021-04-26,12:30",27.50,56.00,0.018248,0,362.222,0.2,29.81,885.8
72,"2021-04-26,12:45",27.40,58.30,0.018248,0,339.582,0.2,29.81,885.8
72,"2021-04-26,13:15",27.00,59.70,0.019248,5.00,363.764,0.2,30.06,884.8
72,"2021-04-26,13:30",27.20,63.70,0.019248,2.50,134.704,0.2,30.18,884.7
72,"2021-04-26,14:15",26.40,65.10,0.021248,5.00,15.556,0.2,30.37,883.8
72,"2021-04-26,16:15",24.40,70.60,0.017784,2.50,15.955,0.2,27.93,881.7
72,"2021-04-26,17:15",24.50,65.80,0.011784,0,15.821,0.2,27.12,881.3
72,"2021-04-26,19:30",22.10,80.20,0.001000,0.00,18.247,0.2,25.06,882.8
72,"2021-04-26,19:45",22.00,81.10,0.001000,0,18.4,0.2,25.00,882.8
72,"2021-04-26,20:30",21.40,83.20,0.001000,0,17.398,0.2,24.37,883.7
72,"2021-04-26,20:45",21.20,84.60,0.002000,0,17.551,0.2,24.37,883.6
72,"2021-04-26,21:15",21.40,84.70,0.002000,0,18.333,0.2,24.00,884.0
72,"2021-04-26,21:30",20.90,89.00,0.002000,0,18.494,0.2,23.93,884.1
72,"2021-04-26,23:15",20.40,90.00,0.003000,0,17.168,0.2,23.25,884.2
72,"2021-04-27,00:30",20.20,90.70,0.003000,0,17.915,0.2,22.81,884.1
72,"2021-04-27,00:45",20.20,89.90,0.003000,0,179.061,0.2,22.75,884.0
72,"2021-04-27,01:15",19.90,93.30,0.003000,0,178.058,0.0,22.62,883.6
72,"2021-04-27,01:30",19.30,94.60,0.002000,0.00,178.02,0.0,22.56,883.7
72,"2021-04-27,01:45",19.30,95,0.003000,0,178.02,0.0,22.50,883.6
72,"2021-04-27,02:15",19.70,92.50,0.002000,0,177.872,0.0,22.37,883.5
72,"2021-04-27,02:30",19.90,91.70,0.003000,0,178.93,0.0,22.37,883.4
72,"2021-04-27,03:15",19.10,92.80,-,-,-,0.0,22.12,882.9
72,"2021-04-27,03:30",19.00,93.60,-,-,-,0.0,22.12,882.7
72,"2021-04-27,04:15",19.00,91.50,-,-,-,0.0,21.93,882.4
72,"2021-04-27,04:30",18.80,91.80,-,-,-,0.0,21.81,882.6
72,"2021-04-27,04:45",18.90,91.40,-,-,-,0.0,21.81,882.8
72,"2021-04-27,05:30",18.20,95.80,-,-,-,0.0,21.50,883.5
72,"2021-04-27,05:45",18.20,95.40,-,-,-,0.0,21.43,883.5
72,"2021-04-27,06:00",18.20,95.40,-,-,-,0.0,21.37,883.6
72,"2021-04-27,07:15",19.00,93.20,-,-,-,0.0,21.12,883.9
72,"2021-04-27,08:00",19.40,88.90,0.005784,5.00,177.073,0.0,21.18,884.5
72,"2021-04-27,09:45",23.80,78.10,0.012248,2.50,52.059,0.0,22.87,884.6
72,"2021-04-27,10:00",24.70,,0.014248,2.50,50.849,0.0,23.31,884.5
72,"2021-04-27,10:45",26.10,68.40,0.015248,2.50,48.148,0.0,25.75,884.2
72,"2021-04-27,11:00",25.50,68.70,0.016248,0,48.148,0.0,25.93,884.2
72,"2021-04-27,11:30",26.80,64.40,0.023248,2.50,49.63,0.0,27.68,884.3
72,"2021-04-27,11:45",24.90,69.10,0.004248,2.50,50.849,0.0,28.12,884.2
72,"2021-04-27,12:15",27.20,64.60,0.015248,5.00,13.948,0.0,28.56,883.9
72,"2021-04-27,12:30",26.90,64.10,0.014248,2.50,13.948,0.0,28.93,883.8
72,"2021-04-27,13:15",28.40,58.10,0.017248,2.50,13.948,0.0,30.12,883.3
72,"2021-04-27,14:15",28.10,56.80,0.014248,5.00,15.294,0.0,30.81,882.4
72,"2021-04-27,20:30",21.60,85.60,0.001000,0.00,362.47,0.0,25.12,882.0
72,"2021-04-27,20:45",21.80,85.20,0.001000,0.00,362.4,0.0,25.00,882.0
72,"2021-04-27,21:15",21.40,87.50,0.001000,0,362.186,0.0,24.68,882.4
72,"2021-04-28,00:30",20.4,91.80,0.002000,0.00,60.365,0.0,23.18,882.4
72,"2021-04-28,00:45",20.40,92.10,0.003000,0,61.106,0.0,23.06,882.4
72,"2021-04-28,01:15",21.40,89.70,0.003000,0,61.517,0.0,22.87,882.1
72,"2021-04-28,01:30",21.00,91.30,0.003000,0,177.183,0.0,22.87,881.8
72,"2021-04-28,02:15",20.40,95.60,0.003000,0,179.015,0.0,22.62,881.3
72,"2021-04-28,02:30",20.10,95.90,0.002000,0,177.044,0.0,22.62,881.3
72,"2021-04-28,03:15",20.40,96.00,0.003000,0.00,178.93,0.0,22.43,880.8
72,"2021-04-28,04:15",21.90,89.60,-,-,-,0.0,22.31,880.9
72,"2021-04-28,05:15",21.10,92.70,-,-,-,0.0,22.43,881.4
72,"2021-04-28,05:30",21.30,91.60,-,-,-,0.0,22.43,881.4
72,"2021-04-28,06:15",21.60,90.20,-,-,-,0.0,22.43,881.7
72,"2021-04-28,06:30",21.50,90.70,-,-,-,0.0,22.43,881.8
72,"2021-04-28,07:30",22.30,86.90,0.009784,0,177.129,0.0,22.62,882.9
72,"2021-04-28,07:45",22.50,85.10,0.019784,0,177.309,0.0,22.68,882.8
72,"2021-04-28,09:30",23.40,79.70,0.031784,0,363.704,0.0,24.00,884.1
72,"2021-04-28,10:30",23.80,78.70,0.028784,5.00,362.482,0.0,24.37,884.8
72,"2021-04-28,12:45",21.20,84.80,0.003784,0.00,361.538,0.0,23.43,883.5
72,"2021-04-28,13:00",21.30,86.20,0.005784,2.50,363.077,0.0,23.43,883.3
72,"2021-04-28,13:30",21.50,87.80,0.028784,0.00,362.353,0.0,23.56,882.9
72,"2021-04-28,13:45",21.60,87.80,0.029784,0,362.353,0.0,23.56,882.8
72,"2021-04-28,16:15",25.00,71.00,-,-,-,0.0,25.31,881.1
72,"2021-04-28,19:45",0.00,90.80,-,0.00,-,0.0,23.75,880.9
72,"2021-04-28,20:15",20.80,90.90,-,0,-,0.0,23.62,881.0
72,"2021-04-28,20:45",20.60,91.40,-,0,-,0.0,23.25,881.8
72,"2021-04-28,21:00",21.00,90.00,-,0,-,0.0,23.25,881.8
72,"2021-04-28,21:30",20.40,93.00,-,0.00,-,0.0,23.00,882.5
72,"2021-04-28,21:45",20.60,92.50,-,0,-,0.0,22.93,882.4
72,"2021-04-28,22:30",20.90,91.90,-,0,-,0.0,22.75,882.7
72,"2021-04-28,23:15",21.00,91.80,-,0,-,0.0,22.68,882.8
72,"2021-04-29,00:45",20.60,94.40,0.001000,0,177.183,0.0,22.31,882.5
72,"2021-04-29,01:30",20.80,94.10,0.001000,0.00,178.0,0.0,22.31,882.6
72,"2021-04-29,01:45",20.90,93.80,0.001000,0,178.0,0.0,22.31,882.8
72,"2021-04-29,03:15",19.50,93.10,-,-,-,0.0,22.06,882.6
72,"2021-04-29,03:30",19.60,94.70,-,-,-,0.0,22.00,882.5
72,"2021-04-29,03:45",19.60,94.80,-,-,-,0.0,22.00,882.4
72,"2021-04-29,04:30",19.40,91.70,-,-,-,0.0,21.87,882.7
72,"2021-04-29,04:45",19.40,92.40,-,-,-,0.0,21.87,882.9
72,"2021-04-29,05:00",-,92.30,-,-,-,0.0,21.87,882.9
72,"2021-04-29,06:15",18.50,93.20,-,-,-,0.0,21.18,884.5
72,"2021-04-29,07:15",128.8,0.00,-,-,-,0.0,21.06,883.9
72,"2021-04-29,08:15",18.90,93.90,0.000784,0,176.859,0.0,21.12,884.1
72,"2021-04-29,08:30",19.10,93.80,0.004784,0,177.98,0.0,21.12,884.2
72,"2021-04-29,09:30",22.60,82.00,0.006248,0,361.159,0.0,22.12,885.1
72,"2021-04-29,10:15",24.80,69.90,0.001248,0,153.427,0.0,24.25,885.2
72,"2021-04-29,11:15",26.20,64.80,0.002248,0,362.482,0.0,25.75,885.0
72,"2021-04-29,13:30",27.00,64.20,0.016248,2.50,362.482,0.0,29.68,883.1
72,"2021-04-29,13:45",27.30,65.20,0.015248,2.50,362.482,0.0,29.75,883.0
72,"2021-04-29,14:15",27.40,63.90,0.013248,0,362.545,0.0,29.81,882.8
72,"2021-04-29,15:15",27.10,65.50,0.008248,2.50,362.545,0.0,29.50,881.9
72,"2021-04-29,16:15",27.30,67.60,-,-,-,0.0,28.87,881.0
72,"2021-04-29,16:30",27.40,66.00,-,-,-,0.0,28.81,881.0
72,"2021-04-29,17:15",26.80,67.80,-,-,-,0.0,28.06,880.6
72,"2021-04-29,18:15",24.90,75.30,0.000784,0,363.942,0.0,26.93,880.7
72,"2021-04-29,19:15",22.90,82.20,0.010000,0.00,361.538,0.0,25.93,880.9
72,"2021-04-29,19:30",22.80,82.40,0.005000,0.00,147.442,0.0,25.87,880.8
72,"2021-04-29,20:45",21.80,88.70,-,0,-,0.0,24.87,882.0
72,"2021-04-29,21:00",21.90,87.70,-,0,-,0.0,24.81,882.0
72,"2021-04-29,21:30",21.80,88.20,-,0,-,0.0,24.43,882.8
72,"2021-04-29,21:45",0.00,87.90,-,0.00,-,0.0,24.43,882.9
72,"2021-04-29,22:15",0.00,86.60,-,0,-,0.0,24.18,883.3
72,"2021-04-29,22:30",21.90,88.00,-,0.00,-,0.0,24.12,883.5
72,"2021-04-29,23:15",21.50,88.60,-,0,-,0.0,23.93,883.5
72,"2021-04-30,00:45",20.80,92.20,-,10.00,-,0.0,23.50,883.9
72,"2021-04-30,01:00",0.00,90.70,-,7.50,88.756,0.0,23.43,884.0
72,"2021-04-30,01:30",18.60,94.80,-,0,178.095,0.2,22.62,883.4
72,"2021-04-30,01:45",18.90,94.60,-,0,178.077,0.2,22.50,883.1
72,"2021-04-30,02:15",18.70,95.30,-,2.50,176.985,0.2,22.37,882.4
72,"2021-04-30,02:30",18.70,95.30,-,2.50,177.98,0.2,22.37,882.3
72,"2021-04-30,03:15",19.10,93.80,0.001000,0,177.778,0.2,22.31,882.0
72,"2021-04-30,04:15",19.80,88.30,-,-,-,0.2,22.31,882.8
72,"2021-04-30,04:30",19.80,88.20,-,-,-,0.2,22.31,882.9
72,"2021-04-30,05:15",18.90,92.40,-,-,-,0.2,21.93,883.4
72,"2021-04-30,05:30",18.80,92.10,-,-,-,0.2,21.87,883.6
72,"2021-04-30,06:30",18.30,94.90,-,-,-,0.2,21.56,884.4
72,"2021-04-30,06:45",18.30,-,-,-,-,0.2,21.50,884.5
72,"2021-04-30,07:45",18.80,92.00,0.001000,0,177.778,0.2,21.50,885.0
72,"2021-04-30,08:30",20.10,87.70,-,-,-,0.2,21.81,885.2
72,"2021-04-30,08:45",20.90,84.90,-,-,-,0.2,22.00,885.2
72,"2021-04-30,09:00",21.30,84.00,-,-,-,0.2,22.12,885.3
72,"2021-04-30,09:45",24.00,72.60,0.008248,0,362.09,0.2,23.06,885.2
72,"2021-04-30,12:15",27.80,60.30,0.007248,0,363.582,0.2,28.50,884.1
72,"2021-04-30,12:30",28.40,58.40,0.016248,0,363.521,0.2,28.50,884.0
72,"2021-04-30,12:45",29.00,56.30,0.006248,0,363.27,0.2,28.50,884.1
72,"2021-04-30,13:30",28.80,57.10,0.021248,2.50,362.09,0.2,28.56,883.3
72,"2021-04-30,14:15",28.00,60.90,0.017248,2.50,363.643,0.2,28.81,882.7
72,"2021-04-30,15:15",27.70,69.20,0.007248,2.50,362.222,0.2,29.00,881.8
72,"2021-04-30,16:15",0.00,68.20,-,-,-,0.2,28.50,881.3
72,"2021-04-30,17:30",0.00,69.50,0.028784,0,363.704,0.2,27.56,880.8
72,"2021-04-30,18:15",24.80,71.40,0.030320,2.50,362.022,0.2,26.75,880.8
72,"2021-04-30,18:30",24.40,70.90,0.020320,0,-,0.2,26.62,880.8
72,"2021-04-30,19:15",22.70,79.10,0.00,0,362.745,0.2,25.75,881.2
72,"2021-04-30,20:15",22.00,79.70,-,0,362.47,0.2,25.18,881.7
72,"2021-04-30,21:30",22.30,77.70,-,0.00,362.041,0.2,24.43,882.5
72,"2021-04-30,21:45",22.60,77.00,-,0,140.554,0.2,24.31,882.6
72,"2021-04-30,22:15",21.80,79.00,-,0,363.333,0.2,24.06,883.1
72,"2021-04-30,22:30",21.10,84.50,-,0,363.193,0.2,23.93,883.2
72,"2021-04-30,22:45",21.30,83.60,-,0,361.513,0.2,23.87,883.2
72,"2021-04-30,23:15",20.70,88.60,-,0.00,362.759,0.2,23.62,883.1
72,"2021-04-30,23:30",20.80,88.40,-,0,362.684,0.2,23.56,883.2
72,"2021-05-01,00:15",20.10,90.90,-,0,364.0,0.2,23.31,883.0
72,"2021-05-01,01:30",21.10,86.40,-,0,363.178,0.0,23.00,882.3
72,"2021-05-01,01:45",20.70,86.70,-,0,362.938,0.0,22.93,882.2
72,"2021-05-01,02:30",21.10,85.90,0.001000,0,177.073,0.0,22.93,882.1
72,"2021-05-01,03:15",20.70,89.80,0.001000,0.00,176.891,0.0,22.87,882.3
72,"2021-05-01,03:30",20.30,92.60,0.002000,0,177.872,0.0,22.87,882.0
72,"2021-05-01,04:15",21.30,86.50,-,-,-,0.0,22.87,882.3
72,"2021-05-01,04:30",21.20,86.80,-,-,-,0.0,22.87,882.4
72,"2021-05-01,05:15",20.60,89.50,-,-,-,0.0,22.75,882.4
72,"2021-05-01,05:30",20.80,87.90,-,-,-,0.0,22.68,882.5
72,"2021-05-01,05:45",20.60,89.00,-,-,-,0.0,22.62,882.6
72,"2021-05-01,06:30",20.40,91.20,-,-,-,0.0,22.56,883.0
72,"2021-05-01,06:45",20.20,91.60,-,-,-,0.0,22.56,883.0
72,"2021-05-01,07:00",20.20,91.60,-,-,-,0.0,22.50,882.9
72,"2021-05-01,09:15",21.60,86.80,0.004784,0.00,178.095,0.0,22.50,885.2
72,"2021-05-01,11:00",23.40,79.50,0.002248,0,28.889,0.0,23.62,885.2
72,"2021-05-01,11:45",25.70,71.70,0.008248,0,26.269,0.0,25.50,884.7
72,"2021-05-01,12:00",26.50,72.00,0.007248,2.50,26.442,0.0,26.00,884.6
72,"2021-05-01,12:30",26.00,74.90,0.013248,2.50,26.442,0.0,27.18,884.2
72,"2021-05-01,12:45",26.70,65.40,0.018248,0,26.442,0.0,27.68,883.9
72,"2021-05-01,13:45",27.50,69.20,0.005248,0,27.761,0.0,28.75,883.3
72,"2021-05-01,14:00",25.90,68.60,0.000248,2.50,26.269,0.0,28.75,883.4
72,"2021-05-01,14:30",28.60,66.30,0.017248,0,26.269,0.0,28.87,882.7
72,"2021-05-01,15:15",28.10,64.60,0.006248,2.50,26.269,0.0,28.87,882.0
72,"2021-05-01,15:30",27.80,63.20,0.003248,2.50,26.269,0.0,28.81,881.9
72,"2021-05-01,15:45",28.00,63.20,0.002248,2.50,26.269,0.0,28.75,881.8
72,"2021-05-01,17:30",26.80,64.10,0.019784,2.50,27.584,0.0,27.25,881.2
72,"2021-05-01,17:45",27.00,65.70,0.012784,2.50,29.254,0.0,27.12,881.2
72,"2021-05-01,18:30",24.10,75.40,0.008320,0,29.042,0.0,26.31,881.2
72,"2021-05-01,18:45",24.00,75.90,0.003320,0,29.231,0.0,26.25,881.3
72,"2021-05-01,19:15",23.10,79.70,0.005000,0.00,69.6,0.0,25.62,881.3
72,"2021-05-01,19:30",22.80,81.10,0.001000,0,68.71,0.0,25.50,881.3
72,"2021-05-01,20:15",21.50,86.20,-,0.00,69.256,0.0,24.87,881.5
72,"2021-05-01,20:30",21.60,85.40,-,0.00,69.256,0.0,24.81,881.6
72,"2021-05-01,21:45",20.70,88.10,-,0.00,68.696,0.0,24.00,883.0
72,"2021-05-01,22:30",20.70,87.70,-,0.00,69.868,0.0,23.62,883.3
72,"2021-05-01,22:45",20.60,87.20,-,0.00,68.496,0.0,23.56,883.5
72,"2021-05-01,23:15",20.90,86.50,-,0,68.688,0.0,23.31,883.3
72,"2021-05-01,23:30",0.00,-,-,0,133.103,0.0,23.18,883.3
72,"2021-05-02,01:15",19.90,93.10,-,0.00,178.095,0.0,22.68,883.2
72,"2021-05-02,02:30",0.00,-,0.001000,0,178.942,0.0,22.25,882.4
72,"2021-05-02,02:45",19.50,95.60,0.001000,0,176.757,0.0,22.18,882.2
72,"2021-05-02,03:30",19.60,94.00,-,-,-,0.0,22.00,882.3
72,"2021-05-02,03:45",19.50,94.90,-,-,-,0.0,22.00,882.3
72,"2021-05-02,04:45",19.80,93.60,-,-,-,0.0,21.93,882.3
72,"2021-05-02,05:00",19.90,93.20,-,-,-,0.0,21.93,882.3
72,"2021-05-02,07:15",19.10,88.90,-,-,-,0.0,21.43,883.8
72,"2021-05-02,07:30",18.60,94.20,-,-,-,0.0,21.43,883.8
72,"2021-05-02,08:15",19.00,92.40,-,0.00,178.883,0.0,21.43,884.2
72,"2021-05-02,08:30",19.20,95.70,-,0,177.802,0.0,21.43,884.2
72,"2021-05-02,09:15",19.50,89.80,0.013784,0,177.073,0.0,21.56,884.6
72,"2021-05-02,09:30",19.80,90.90,0.025784,1,179.103,0.0,21.62,885.0
72,"2021-05-02,11:15",24.40,77.90,0.017248,0.00,67.547,0.0,23.06,884.7
72,"2021-05-02,11:30",24.10,74.70,0.006248,0,67.547,0.0,23.31,884.7
72,"2021-05-02,14:45",0.00,65.60,0.012248,2.50,67.879,0.0,27.37,882.3
72,"2021-05-02,16:15",26.10,67.30,0.001248,2.50,68.213,0.0,26.87,881.3
72,"2021-05-02,17:15",24.60,73.70,0.027784,0,66.891,0.0,26.50,881.0
72,"2021-05-02,18:45",22.70,80.40,0.001320,0.00,67.843,0.0,25.43,881.3
72,"2021-05-02,19:00",22.30,80.00,0.005856,0,68.889,0.0,25.37,881.3
72,"2021-05-02,19:45",21.10,84.80,-,0.00,67.805,0.0,24.62,881.5
72,"2021-05-02,20:00",21.10,83.50,-,0,67.805,0.0,24.62,881.5
72,"2021-05-02,20:30",21.10,84.20,-,0,69.627,0.0,24.12,882.0
72,"2021-05-02,20:45",20.90,84.20,-,0,69.627,0.0,24.06,882.0
72,"2021-05-02,21:15",21.10,82.80,-,0.00,69.831,0.0,23.68,882.3
72,"2021-05-02,21:30",20.80,83.00,-,0.00,70.213,0.0,23.56,882.5
72,"2021-05-02,22:15",20.30,86.50,-,0.00,69.083,0.0,23.18,883.1
72,"2021-05-02,23:45",19.70,90.40,-,0,68.889,0.0,22.56,882.9
72,"2021-05-03,00:30",20.20,88.80,-,0,177.183,0.0,22.43,883.2
72,"2021-05-03,00:45",20.20,88.60,-,0,177.156,0.0,22.43,883.2
72,"2021-05-03,01:15",20.40,87.60,-,0,147.474,0.8,22.31,882.7
72,"2021-05-03,01:30",20.20,88.40,-,0,177.044,0.8,22.31,882.7
72,"2021-05-03,02:15",20.00,91.10,-,0,178.93,0.8,22.25,882.4
72,"2021-05-03,03:15",19.90,92.40,-,-,-,0.8,22.25,881.9
72,"2021-05-03,03:30",20.10,90.40,-,-,-,0.8,22.25,881.7
72,"2021-05-03,04:30",19.90,93.10,-,-,-,0.8,22.18,882.1
72,"2021-05-03,04:45",20.00,92.10,-,-,-,0.8,22.18,882.1
72,"2021-05-03,05:30",20.30,91.20,-,-,-,0.8,22.12,882.0
72,"2021-05-03,05:45",20.10,92.60,-,-,-,0.8,22.18,882.1
72,"2021-05-03,07:15",20.40,89.90,-,-,-,0.8,22.12,8.0
72,"2021-05-03,08:15",20.30,91.10,0.002784,0.00,177.156,0.8,22.12,884.2
72,"2021-05-03,09:15",0.00,-,-,-,-,0.8,21.81,886.0
72,"2021-05-03,09:30",0.00,-,-,-,-,0.8,21.68,886.3
72,"2021-05-03,10:30",17.90,96.50,0.031784,0,175.516,0.8,21.18,886.0
72,"2021-05-03,11:15",21.20,83.40,-,-,-,0.8,22.00,885.9
72,"2021-05-03,11:30",21.10,83.30,-,-,-,0.8,22.25,885.6
72,"2021-05-03,11:45",21.30,82.70,-,-,-,0.8,22.25,885.7
72,"2021-05-03,12:15",23.40,75.80,0.030248,5.00,362.353,0.8,23.18,884.6
72,"2021-05-03,12:30",24.90,74.20,0.021248,0,362.353,0.8,23.68,884.5
72,"2021-05-03,13:15",25.10,67.90,0.002248,0,167.5,0.8,25.37,883.9
72,"2021-05-03,13:30",25.50,66.60,0.002248,0,362.353,0.8,25.37,883.8
72,"2021-05-03,14:15",25.30,65.20,-,-,-,0.8,26.00,882.7
72,"2021-05-03,15:30",25.50,68.30,-,-,-,0.8,26.43,882.0
72,"2021-05-03,15:45",25.80,68.20,-,-,-,0.8,26.50,881.8
72,"2021-05-03,16:30",24.70,70.10,0.026784,0.00,362.156,0.8,26.31,881.3
72,"2021-05-03,16:45",0.00,70.60,0.023784,0,362.156,0.8,26.25,881.1
72,"2021-05-03,17:15",24.30,71.70,0.011784,0,363.459,0.8,25.93,881.2
72,"2021-05-03,17:30",23.90,73.70,0.008784,0,361.887,0.8,25.81,881.2
72,"2021-05-03,18:15",22.90,78.70,0.029320,0,25.49,0.8,25.25,881.7
72,"2021-05-03,18:30",22.30,83.00,0.005320,0,24.444,0.8,25.06,881.6
72,"2021-05-03,19:15",21.50,81.60,0.004000,0,6.122,0.8,24.43,881.4
72,"2021-05-03,19:30",21.10,84.60,-,0,6.337,0.8,24.31,881.6
72,"2021-05-03,20:15",20.80,88.40,-,0,6.891,0.8,23.81,882.3
72,"2021-05-03,21:15",20.60,89.90,-,0,7.948,0.8,23.37,882.7
72,"2021-05-03,22:30",19.50,92.00,-,0,-,0.8,22.81,883.6
72,"2021-05-03,22:45",19.70,91.40,-,0,-,0.8,22.81,883.5
72,"2021-05-03,23:30",20.20,92.00,-,0,178.077,0.8,22.68,883.6
72,"2021-05-03,23:45",20.10,93.60,-,0,178.058,0.8,22.62,883.6
72,"2021-05-04,00:15",20.50,91.90,-,0.00,176.923,0.8,22.62,883.5
72,"2021-05-04,00:30",20.60,90.80,-,0,175.833,0.8,22.62,883.6
72,"2021-05-04,01:15",20.50,91.20,-,-,-,1.4000000000000001,22.37,883.5
72,"2021-05-04,02:15",20.60,90.20,-,-,-,1.4000000000000001,22.25,882.8
72,"2021-05-04,02:30",20.80,89.20,-,-,-,1.4000000000000001,22.18,882.6
72,"2021-05-04,02:45",20.80,89.20,-,-,-,1.4000000000000001,22.18,882.6
72,"2021-05-04,03:30",20.40,91.70,-,-,-,1.4000000000000001,22.06,882.1
72,"2021-05-04,03:45",20.40,91.70,-,-,-,1.4000000000000001,22.12,881.9
72,"2021-05-04,04:00",20.40,91.80,-,-,-,1.4000000000000001,22.12,882.0
72,"2021-05-04,05:15",20.30,93.30,-,-,-,1.4000000000000001,22.00,882.0
72,"2021-05-04,06:15",0.00,-,-,-,-,1.4000000000000001,21.87,882.4
72,"2021-05-04,07:15",0.00,-,-,-,-,1.4000000000000001,21.93,882.8
72,"2021-05-04,07:30",0.00,-,-,-,-,1.4000000000000001,21.93,882.8
72,"2021-05-04,08:15",21.70,88.90,0.020784,0,177.38,1.4000000000000001,22.25,883.8
72,"2021-05-04,09:15",23.50,80.70,0.003248,0,14.328,1.4000000000000001,23.50,884.2
72,"2021-05-04,09:30",24.10,78.00,0.030784,0,15.115,1.4000000000000001,23.62,884.3
72,"2021-05-04,10:15",25.10,78.00,-,-,-,1.4000000000000001,25.25,884.2
72,"2021-05-04,11:15",26.70,70.00,0.018248,0,11.461,1.4000000000000001,27.12,884.5
72,"2021-05-04,11:30",26.90,70.70,0.017248,5.00,11.461,1.4000000000000001,27.25,884.5
72,"2021-05-04,12:15",24.40,71.70,0.000784,0.00,20.909,1.4000000000000001,27.75,884.0
72,"2021-05-04,13:15",22.20,84.30,-,-,-,1.4000000000000001,26.25,883.5
72,"2021-05-04,14:15",26.30,72.00,0.019248,2.50,21.636,1.4000000000000001,26.75,881.8
72,"2021-05-04,15:15",26.50,69.90,0.007248,0,149.444,1.4000000000000001,26.93,881.3
72,"2021-05-04,16:15",24.20,74.30,0.029784,2.50,361.887,1.4000000000000001,26.43,880.5
72,"2021-05-04,17:15",24.10,77.00,0.014784,0,148.056,1.4000000000000001,26.00,880.8
72,"2021-05-04,18:45",22.70,82.70,0.000320,2.50,5.806,1.4000000000000001,25.06,880.8
72,"2021-05-04,19:00",22.40,83.90,0.005856,0,6.122,1.4000000000000001,25.00,880.8
72,"2021-05-04,19:45",21.90,85.60,-,0,6.891,1.4000000000000001,24.43,881.6
72,"2021-05-04,20:30",21.60,88.50,-,0,7.826,1.4000000000000001,24.06,882.4
72,"2021-05-04,20:45",21.60,88.50,-,0,7.948,1.4000000000000001,24.00,882.5
72,"2021-05-04,21:15",21.20,90.00,-,0,6.906,1.4000000000000001,23.68,883.1
72,"2021-05-04,21:30",21.00,91.00,-,0,7.149,1.4000000000000001,23.68,883.1
72,"2021-05-04,22:15",21.00,91.40,-,0,-,1.4000000000000001,23.43,883.4
72,"2021-05-04,22:30",20.90,91.90,-,0,-,1.4000000000000001,23.43,883.3
72,"2021-05-04,23:15",20.80,91.70,-,0.00,177.156,1.4000000000000001,23.12,883.4
72,"2021-05-05,00:30",20.90,91.10,-,0.00,176.923,1.4000000000000001,22.93,883.2
72,"2021-05-05,00:45",20.60,92.40,-,0,177.895,1.4000000000000001,22.87,883.1
72,"2021-05-05,01:30",21.00,90.70,-,0,177.701,0.4,22.81,882.7
72,"2021-05-05,02:30",20.90,92.70,-,-,-,0.4,22.75,882.1
72,"2021-05-05,02:45",20.90,91.80,-,-,-,0.4,22.75,882.0
72,"2021-05-05,03:45",20.80,93.70,-,-,-,0.4,22.68,881.7
72,"2021-05-05,04:00",20.80,93.50,-,-,-,0.4,22.75,881.8
72,"2021-05-05,05:15",20.50,92.80,-,-,-,0.4,22.62,882.2
72,"2021-05-05,06:15",20.30,92.90,-,-,-,0.4,22.50,882.4
72,"2021-05-05,06:30",20.30,93.30,-,-,-,0.4,22.43,882.4
72,"2021-05-05,07:30",20.70,89.50,-,0.00,177.727,0.4,22.43,883.0
72,"2021-05-05,07:45",20.80,89.40,-,0,178.87,0.4,22.43,883.1
72,"2021-05-05,08:30",21.00,83.70,0.008784,0,178.974,0.4,22.43,884.2
72,"2021-05-05,08:45",21.20,83.50,0.016784,0.00,178.039,0.4,22.50,884.2
72,"2021-05-05,09:30",22.80,77.70,0.001248,0,362.222,0.4,23.00,884.9
72,"2021-05-05,09:45",23.00,78.10,0.003248,0,362.222,0.4,23.06,885.0
72,"2021-05-05,10:15",23.50,79.10,0.018248,2.50,362.222,0.4,23.56,885.2
72,"2021-05-05,10:30",23.20,76.80,0.012248,0,56.119,0.4,23.75,885.3
72,"2021-05-05,11:15",24.00,75.00,0.007248,2.50,362.353,0.4,25.06,885.2
72,"2021-05-05,12:45",23.20,80.10,0.001248,2.50,362.353,0.4,25.12,884.0
72,"2021-05-05,13:15",25.20,70.80,0.027248,0.00,362.353,0.4,25.56,883.4
72,"2021-05-05,13:30",24.80,71.90,0.000248,0,362.353,0.4,25.93,883.2
72,"2021-05-05,14:15",26.70,65.50,0.017248,2.50,362.353,0.4,27.12,882.4
72,"2021-05-05,14:30",26.90,66.20,0.014248,0.00,362.353,0.4,27.25,882.3
72,"2021-05-05,15:15",26.60,68.30,0.008248,2.50,363.764,0.4,27.50,881.6
72,"2021-05-05,16:15",26.50,67.80,0.004248,2.50,362.353,0.4,27.00,880.6
72,"2021-05-05,17:15",26.60,67.90,0.029784,2.50,363.704,0.4,26.37,880.3
72,"2021-05-05,19:15",0.00,76.90,0.029464,0,7.309,0.4,25.00,881.8
72,"2021-05-05,20:30",21.20,78.90,-,0.00,7.234,0.4,24.12,883.2
72,"2021-05-05,20:45",21.60,77.50,-,0,7.586,0.4,24.00,883.2
72,"2021-05-05,21:30",20.90,82.20,-,0,8.07,0.4,23.62,883.9
72,"2021-05-05,22:15",20.60,87.20,-,0,9.091,0.4,23.37,884.5
72,"2021-05-05,22:30",20.60,87.80,-,0,7.523,0.4,23.31,884.6
72,"2021-05-05,23:15",21.00,85.60,-,0,-,0.4,23.18,884.4
72,"2021-05-06,00:45",20.50,85.70,-,0,177.015,0.4,23.00,884.1
72,"2021-05-06,01:30",20.50,84.80,-,0,177.895,0.0,22.75,883.6
72,"2021-05-06,02:15",20.10,86.20,0.001000,0.00,177.727,0.0,22.62,883.1
72,"2021-05-06,02:30",20.00,87.00,-,0,177.727,0.0,22.62,883.1
72,"2021-05-06,03:15",20.30,85.20,-,-,-,0.0,22.43,883.3
72,"2021-05-06,03:30",20.10,87.10,-,-,-,0.0,22.37,883.4
72,"2021-05-06,04:15",19.70,89.40,-,-,-,0.0,22.25,883.5
72,"2021-05-06,04:30",19.70,89.20,-,-,-,0.0,22.18,883.5
72,"2021-05-06,05:30",19.10,92.30,-,-,-,0.0,21.93,883.6
72,"2021-05-06,05:45",19.00,92.70,-,-,-,0.0,21.87,883.7
72,"2021-05-06,06:45",18.90,95.00,-,-,-,0.0,21.68,884.4
72,"2021-05-06,07:00",128.8,0.00,-,-,-,0.0,21.68,884.3
72,"2021-05-06,07:45",20.20,89.20,0.019784,0,179.015,0.0,21.87,884.7
72,"2021-05-06,08:00",20.70,89.90,0.023784,0,178.077,0.0,21.93,884.7
72,"2021-05-06,10:15",24.00,73.50,-,-,-,0.0,23.81,886.2
72,"2021-05-06,12:15",25.20,72.20,0.018248,2.50,362.353,0.0,27.25,885.5
72,"2021-05-06,13:15",26.80,71.90,0.020248,2.50,361.609,0.0,27.25,884.5
72,"2021-05-06,15:15",24.90,75.00,0.006784,0,361.679,0.0,27.31,882.3
72,"2021-05-06,15:45",23.60,74.80,0.004784,0,351.654,0.0,26.62,881.9
72,"2021-05-06,16:00",24.80,71.40,0.025784,0.00,353.333,0.0,26.43,882.0
72,"2021-05-06,16:45",24.40,73.10,0.024784,0.00,351.084,0.0,26.06,881.9
72,"2021-05-06,17:00",24.20,72.90,0.022784,0,350.968,0.0,26.06,882.0
72,"2021-05-06,17:45",23.80,73.20,-,-,-,0.0,25.62,882.1
72,"2021-05-06,18:30",23.20,71.40,0.017320,0,351.308,0.0,25.25,882.6
72,"2021-05-06,18:45",22.60,74.70,0.000320,0,350.0,0.0,25.12,882.8
72,"2021-05-06,19:30",22.10,73.70,-,0,350.815,0.0,24.62,883.5
72,"2021-05-06,19:45",21.90,75.20,-,0,137.785,0.0,24.50,883.6
72,"2021-05-06,20:15",21.60,77.70,-,0,350.175,0.0,24.18,883.9
72,"2021-05-06,20:30",21.60,78.50,-,0,350.175,0.0,24.12,88.0
72,"2021-05-06,21:15",21.60,80.60,-,0.00,351.041,0.0,23.81,884.6
72,"2021-05-06,21:30",21.60,79.90,-,0,351.041,0.0,23.81,884.6
72,"2021-05-06,22:15",21.50,80.60,-,0,351.564,0.0,23.68,885.1
72,"2021-05-06,23:45",20.80,83.30,-,0,177.015,0.0,23.25,885.5
72,"2021-05-07,00:30",20.80,84.50,-,0,176.859,0.0,23.12,884.9
72,"2021-05-07,00:45",20.80,83.30,-,0,177.895,0.0,23.06,884.9
72,"2021-05-07,01:15",20.70,82.90,-,0,180.0,0.0,22.87,884.6
72,"2021-05-07,01:30",20.60,84.90,-,0,177.727,0.0,22.87,884.7
72,"2021-05-07,02:15",20.90,83.40,-,-,-,0.0,22.87,884.6
72,"2021-05-07,03:30",21.10,80.10,-,-,-,0.0,22.75,884.9
72,"2021-05-07,03:45",21.00,79.40,-,-,-,0.0,22.68,884.9
72,"2021-05-07,04:45",18.40,95.30,-,-,-,0.0,22.37,886.0
72,"2021-05-07,05:00",17.90,96.90,-,-,-,0.0,21.68,885.9
72,"2021-05-07,06:15",0.00,-,-,-,-,0.0,20.50,886.2
72,"2021-05-07,08:15",19.40,87.60,0.031784,2.50,178.131,0.0,20.68,886.7
72,"2021-05-07,09:15",20.50,83.00,0.031784,0,363.883,0.0,21.50,887.3
72,"2021-05-07,09:30",20.50,81.70,0.031784,0,363.883,0.0,21.62,887.4
72,"2021-05-07,10:15",20.90,82.70,-,-,-,0.0,22.12,887.8
72,"2021-05-07,11:30",24.10,73.20,0.029248,0,362.671,0.0,23.37,888.0
72,"2021-05-07,11:45",24.10,72.60,0.003248,0,362.671,0.0,23.43,888.1
72,"2021-05-07,12:15",23.30,73.90,0.030784,2.50,362.609,0.0,24.43,887.6
72,"2021-05-07,12:30",25.30,69.30,0.001248,5.00,362.671,0.0,24.62,887.4
72,"2021-05-07,13:15",25.40,65.20,0.023248,5.00,362.671,0.0,26.43,886.4
72,"2021-05-07,13:30",25.90,64.60,0.021248,0,362.671,0.0,26.68,886.1
72,"2021-05-07,14:15",26.50,69.20,0.017248,0,257.778,0.0,27.06,884.7
72,"2021-05-07,14:30",27.20,70.20,0.016248,0,362.671,0.0,27.12,884.7
72,"2021-05-07,16:15",24.70,72.60,-,-,-,0.0,26.87,882.9
72,"2021-05-07,18:15",22.70,77.80,-,-,-,0.0,25.50,883.6
72,"2021-05-07,19:15",21.40,78.10,0.007000,0,364.375,0.0,24.68,883.8
72,"2021-05-07,20:15",20.40,83.40,-,0.00,362.47,0.0,24.12,884.4
72,"2021-05-07,20:45",20.40,85.50,-,0.00,363.74,0.0,23.68,884.9
72,"2021-05-07,21:00",20.20,87.60,-,0.00,363.74,0.0,23.68,885.0
72,"2021-05-07,21:30",20.00,85.50,-,0.00,363.402,0.0,23.37,885.5
72,"2021-05-07,21:45",20.60,82.40,-,0,363.264,0.0,23.31,885.6
72,"2021-05-07,22:15",19.80,86.80,-,0,362.906,0.0,23.06,885.9
72,"2021-05-07,22:30",20.00,85.50,-,0,362.759,0.0,23.00,886.1
72,"2021-05-07,23:15",20.60,83.90,-,0.00,360.531,0.0,22.75,886.5
72,"2021-05-07,23:30",20.80,83.00,-,0,362.222,0.0,22.,886.4
72,"2021-05-08,00:15",20.60,83.20,-,0,363.333,0.0,22.68,885.9
72,"2021-05-08,01:45",20.10,89.00,0.001000,0,176.859,7.2,22.56,884.9
72,"2021-05-08,02:00",20.10,88.90,-,0,177.895,0,-,884.9
72,"2021-05-08,02:30",19.90,86.30,-,-,-,7.2,22.37,884.4
72,"2021-05-08,02:45",19.60,87.00,-,-,-,7.2,22.37,884.4
72,"2021-05-08,03:45",19.10,88.30,-,-,-,7.2,22.06,884.5
72,"2021-05-08,05:15",18.60,91.90,-,-,-,7.2,21.68,884.6
72,"2021-05-08,06:15",0.00,-,-,-,-,7.2,21.56,885.4
72,"2021-05-08,06:30",0.00,-,-,-,-,7.2,21.50,885.6
72,"2021-05-08,06:45",0.00,-,-,-,-,7.2,21.50,885.6
72,"2021-05-08,07:30",0.00,-,-,-,-,7.2,21.50,886.0
72,"2021-05-08,07:45",0.00,-,-,-,-,7.2,21.56,886.0
72,"2021-05-08,08:30",20.40,86.50,0.021784,0,54.894,7.2,21.81,887.0
72,"2021-05-08,09:15",21.60,81.40,-,-,-,7.2,22.12,887.3
72,"2021-05-08,09:30",21.80,80.60,-,-,-,7.2,22.31,887.4
72,"2021-05-08,11:30",24.60,70.50,0.010248,2.50,53.646,7.2,24.56,887.0
72,"2021-05-08,11:45",24.80,69.30,0.018248,5.00,53.913,7.2,24.75,886.9
72,"2021-05-08,12:30",23.30,75.00,-,-,-,7.2,25.37,886.1
72,"2021-05-08,12:45",22.90,79.20,-,-,-,7.2,25.37,885.9
72,"2021-05-08,13:30",21.20,82.30,0.000320,0.00,24.788,7.2,25.37,885.3
72,"2021-05-08,13:45",19.70,86.40,0.017320,2.50,362.946,7.2,25.06,885.2
72,"2021-05-08,14:30",21.60,82.30,0.032248,0,64.058,7.2,24.50,884.6
72,"2021-05-08,14:45",20.50,85.20,0.000248,0,362.671,7.2,24.56,884.4
72,"2021-05-08,15:30",23.20,78.40,0.001248,0,10.545,7.2,24.81,883.3
72,"2021-05-08,15:45",23.30,73.80,0.000248,2.50,10.545,7.2,24.93,883.1
72,"2021-05-08,16:30",23.10,74.20,0.001784,2.50,10.882,7.2,25.12,883.4
72,"2021-05-08,16:45",22.70,74.70,0.001784,0,10.996,7.2,25.12,883.3
72,"2021-05-08,17:15",22.40,77.40,0.000784,0,11.698,7.2,24.87,883.3
72,"2021-05-08,19:15",20.20,86.10,0.002000,2.50,106.23,7.2,23.68,884.6
72,"2021-05-08,19:30",20.10,87.10,-,2.50,363.607,7.2,23.56,884.8
72,"2021-05-08,20:15",19.60,89.50,-,2.50,67.554,7.2,23.18,885.0
72,"2021-05-08,20:30",19.60,89.60,-,0.00,76.137,7.2,23.18,884.9
72,"2021-05-08,21:45",19.40,89.30,-,0.00,53.239,7.2,22.75,885.8
72,"2021-05-08,22:00",19.20,90.80,-,0,59.621,7.2,22.68,885.8
72,"2021-05-08,22:30",19.10,91.00,-,0,178.077,7.2,22.56,886.0
72,"2021-05-08,22:45",19.20,89.30,-,0,177.073,7.2,22.50,886.0
72,"2021-05-08,23:15",18.80,90.30,-,0,180.0,7.2,22.37,885.9
72,"2021-05-08,23:30",18.90,89.50,-,0.00,178.974,7.2,22.31,885.8
72,"2021-05-09,00:15",18.30,91.60,0.001000,0,177.727,7.2,22.00,885.6
72,"2021-05-09,01:15",18.90,88.90,-,-,-,0.0,21.87,885.3
72,"2021-05-09,01:30",18.90,90.10,-,-,-,0.0,21.81,885.3
72,"2021-05-09,01:45",19.10,88.30,-,-,-,0.0,21.81,885.2
72,"2021-05-09,02:30",18.80,90.90,-,-,-,0.0,21.75,884.9
72,"2021-05-09,02:45",18.90,91.00,-,-,-,0.0,21.75,884.9
72,"2021-05-09,03:45",18.90,92.10,-,-,-,0.0,21.75,885.2
72,"2021-05-09,04:00",18.90,92.10,-,-,-,0.0,21.75,885.2
72,"2021-05-09,05:15",128.8,-,-,-,-,0.0,21.68,885.4
72,"2021-05-09,06:15",0.00,-,-,-,-,0.0,21.62,885.6
72,"2021-05-09,07:45",0.00,-,0.001784,0,177.917,0.0,21.50,886.5
72,"2021-05-09,08:00",20.00,88.40,0.020784,0,178.077,0.0,21.56,886.6
72,"2021-05-09,08:30",20.80,84.90,0.028784,0,176.46,0.0,21.87,887.0
72,"2021-05-09,09:45",22.80,77.40,0.002248,0.00,362.677,0.0,22.87,887.7
72,"2021-05-09,10:00",0.00,76.70,0.001248,2.50,362.4,0.0,23.18,887.7
72,"2021-05-09,11:15",23.80,74.80,-,-,-,0.0,24.31,887.4
72,"2021-05-09,12:15",20.60,84.30,-,-,-,0.0,24.06,886.9
72,"2021-05-09,13:30",20.90,84.00,0.029784,2.50,66.219,0.0,24.12,886.2
72,"2021-05-09,14:15",20.10,86.50,0.000784,0.00,362.609,0.0,23.68,885.6
72,"2021-05-09,15:15",19.90,87.80,0.026784,0.00,362.857,0.0,23.37,884.2
72,"2021-05-09,15:30",19.90,85.90,0.024784,0,362.857,0.0,23.37,884.0
72,"2021-05-09,16:15",20.40,84.40,0.023784,0.00,362.857,0.0,23.37,883.4
72,"2021-05-10,08:30",-,-,0.000784,0,177.38,0.0,21.12,887.7
72,"2021-05-10,12:15",-,-,-,-,-,1.2000000000000002,19.56,889.1
72,"2021-05-10,12:30",-,-,-,-,-,1.2000000000000002,19.31,888.8
72,"2021-05-10,12:45",-,-,-,-,-,1.2000000000000002,19.18,888.7
72,"2021-05-10,13:00",-,-,-,-,-,1.2000000000000002,19.18,888.8
72,"2021-05-10,14:30",0.00,-,0.031784,0,297.647,1.2000000000000002,19.50,887.2
72,"2021-05-10,16:15",21.10,80.60,-,-,-,1.2000000000000002,20.56,884.5
72,"2021-05-10,16:30",20.90,80.40,-,-,-,1.2000000000000002,20.81,884.4
72,"2021-05-10,16:45",20.70,81.70,-,-,-,1.2000000000000002,20.93,884.3
72,"2021-05-10,17:30",20.30,84.00,0.008784,0,297.391,1.2000000000000002,21.12,883.9
72,"2021-05-10,17:45",20.40,82.30,0.003784,0,297.949,1.2000000000000002,21.12,883.9
72,"2021-05-10,18:30",19.60,84.20,0.013320,0,298.147,1.2000000000000002,21.00,884.3
72,"2021-05-10,18:45",19.40,85.40,0.004320,0,297.829,1.2000000000000002,20.93,884.5
72,"2021-05-10,19:30",19.10,87.80,-,0,297.647,1.2000000000000002,20.68,885.4
72,"2021-05-10,19:45",19.20,87.20,-,0.00,298.644,1.2000000000000002,20.68,885.5
72,"2021-05-10,20:15",19.20,89.00,-,0,296.444,1.2000000000000002,20.50,886.1
72,"2021-05-10,20:30",19.30,88.20,-,0,295.695,1.2000000000000002,20.43,886.2
72,"2021-05-10,21:15",19.00,90.00,0.001000,0.00,177.073,1.2000000000000002,20.25,887.0
72,"2021-05-10,22:15",0.00,-,-,-,-,1.2000000000000002,20.06,887.5
72,"2021-05-11,02:15",-,-,-,-,-,1.2000000000000002,19.12,886.2
72,"2021-05-11,02:30",-,-,-,-,-,1.2000000000000002,19.12,886.2
72,"2021-05-11,04:15",-,-,-,-,-,4.6000000000000005,18.93,885.6
72,"2021-05-11,04:30",-,-,-,-,-,4.6000000000000005,18.87,885.6
72,"2021-05-11,04:45",-,-,-,-,-,4.6000000000000005,18.87,885.5
72,"2021-05-11,06:15",-,-,-,-,-,4.6000000000000005,18.68,886.2
72,"2021-05-11,06:30",-,-,-,-,-,4.6000000000000005,18.68,886.4
72,"2021-05-11,06:45",-,-,-,-,-,4.6000000000000005,18.62,886.5
72,"2021-05-11,09:15",24.20,68.40,0.011248,0,132.453,4.6000000000000005,20.62,888.1
72,"2021-05-11,09:30",24.30,69.80,0.013248,0.00,252.727,4.6000000000000005,21.06,888.2
72,"2021-05-11,10:15",24.10,66.40,0.012248,2.50,251.777,4.6000000000000005,22.37,888.2
72,"2021-05-11,11:15",25.20,63.50,-,-,-,4.6000000000000005,23.18,888.2
72,"2021-05-11,12:15",24.90,68.70,0.030784,0,252.34,4.6000000000000005,23.50,887.6
72,"2021-05-11,13:15",26.00,68.30,0.004248,2.50,251.777,4.6000000000000005,24.00,886.8
72,"2021-05-11,13:30",25.40,70.60,0.002248,0.00,251.777,4.6000000000000005,24.06,886.6
72,"2021-05-11,14:15",22.30,78.10,0.008784,2.50,362.545,4.6000000000000005,23.75,886.1
72,"2021-05-11,14:30",22.10,80.20,0.005784,0,362.545,4.6000000000000005,23.56,886.2
72,"2021-05-11,15:15",19.20,86.90,0.003784,5.00,362.418,4.6000000000000005,22.68,885.7
72,"2021-05-11,15:30",19.20,87.30,0.002784,0,362.353,4.6000000000000005,22.56,885.4
72,"2021-05-11,16:15",19.30,88.90,-,-,-,4.6000000000000005,21.93,884.7
72,"2021-05-11,16:30",19.50,88.60,-,-,-,4.6000000000000005,21.87,884.6
72,"2021-05-11,18:30",19.60,87.40,0.020320,0,361.538,4.6000000000000005,21.37,885.8
72,"2021-05-11,18:45",19.50,88.20,0.007320,0,278.438,4.6000000000000005,21.31,885.8
72,"2021-05-11,19:15",19.20,89.90,0.002000,0.00,257.551,4.6000000000000005,21.00,886.2
72,"2021-05-11,19:30",19.10,89.50,-,0.00,258.838,4.6000000000000005,20.87,886.3
